source,symbol,link,date,title,content
이데일리,024850,/news/news_read.nhn?article_id=0003361976&office_id=018&mode=search&query=피에스엠씨&page=1,2015-10-05 18:03,"피에스엠씨, 불성실공시법인 지정",[이데일리 정병묵 기자] 피에스엠씨(024850)는 최대주주 변경 지연공시로 불성실공시법인에 5일 지정됐다. 부과벌점은 4점이다.
연합뉴스,024850,/news/news_read.nhn?article_id=0009658869&office_id=001&mode=search&query=피에스엠씨&page=1,2017-11-03 16:45,"거래소, 피에스엠씨에 주가급등 조회공시 요구",(서울=연합뉴스) 전명훈 기자 = 한국거래소 코스닥시장본부는 3일 피에스엠씨에 최근 현저한 주가급등과 관련해 규정상 중요한 공시사항이 있는지 조회공시를 요구했다. 답변 시한은 6일 오후 6시다.
이데일리,024850,/news/news_read.nhn?article_id=0003341611&office_id=018&mode=search&query=피에스엠씨&page=1,2015-09-07 15:25,"리차드앤컴퍼니, 피에스엠씨 지분율 16.8%&rarr;13.2%",[이데일리 이유미 기자] 리차드앤컴퍼니와 특별관계자는 장외 매수 및 매도를 통해 피에스엠씨(024850)의 보유주식이 기존 639만5846주(16.82%)에서 503만4982주(13.24%)로 변경됐다고 7일 공시했다.
아시아경제,024850,/news/news_read.nhn?article_id=0003580994&office_id=277&mode=search&query=피에스엠씨&page=1,2015-09-09 18:28,"피에스엠씨, 애프엔티 외 2인으로 최대주주 변경",[아시아경제 주상돈 기자] 피에스엠씨는 이전 최대주주인 리차드앤컴퍼니의 보유주식 매도에 따른 지분율 하락에 최대주주가 애프엔티 외 2인으로 변경됐다고 9일 공시했다. 애프엔티 외 2인의 지분율은 14.07%다.
머니투데이,024850,/news/news_read.nhn?article_id=0003540126&office_id=008&mode=search&query=피에스엠씨&page=1,2015-09-09 18:14,"피에스엠씨, 애프엔티외 2인으로 최대주주 변경",[머니투데이 강기준 기자] 피에스엠씨는 리차드앤컴퍼니의 보유주식 매도로 지분율이 하락하면서 최대주주가 유한회사 에프엔티외 2인으로 변경됐다고 9일 공시했다. 이들의 지분율은 총 14.07%이다. textlinktopstart textlinktopend textlinkstart
전자신문,024850,/news/news_read.nhn?article_id=0002734622&office_id=030&mode=search&query=피에스엠씨&page=1,2018-08-20 16:04,"[ET투자뉴스][피에스엠씨 지분 변동] (주)이에스브이18.11%p 증가, 18....","피에스엠씨(024850)는 20일 주요주주 (주)이에스브이의 보유주식이 증가되었다고 발표했다. 이는 직전 보고일보다 400,000주 증가하여 지분율은 18.11%로 상승했다. 이번 보고 사유는 장내매매로인한보유주식수변동으로  알려졌다.   최대주주와 특수관계자의 지분 변동은 주가에 영향을 주는 요인이다. 특히 보유비율을 지속적으로 늘리거나 줄일 경우, 해당종목 투자시 유의할 필요가 있다.  다음은 피에스엠씨의 지분 변동 내역과 보유 내역이다."
아시아경제,024850,/news/news_read.nhn?article_id=0004110880&office_id=277&mode=search&query=피에스엠씨&page=1,2017-11-03 17:04,"[조회공시]피에스엠씨, 주가급등",[아시아경제 김유리 기자] 한국거래소 코스닥시장본부는 3일 피에스엠씨에 최근 현저한 시황변동(주가급등)관련 조회공시를 요구했다. 답변시한은 오는 6일 오후 6시까지다.
서울경제,024850,/news/news_read.nhn?article_id=0003146534&office_id=011&mode=search&query=피에스엠씨&page=1,2017-11-06 17:31,피에스엠씨 &quot;임시주총 결의사항 현재 미확정&quot;,[서울경제] 피에스엠씨(024850) 는 최근 주가급등과 관련한 한국거래소의 조회공시 요구에 “12월8일 임시주총 결과를 공시할 예정이며 주총 세부결의사항은 현재 미확정”이라며 “확정시 해당사항을 공시할 예정이며 이 외에 별도 공시할 중요한 정보가 없다”고 6일 답변했다.
이데일리,024850,/news/news_read.nhn?article_id=0003343622&office_id=018&mode=search&query=피에스엠씨&page=1,2015-09-09 18:05,"피에스엠씨, 애프엔티외 2인으로 최대주주 변경",[이데일리 송이라 기자] 피에스엠씨(024850)는 리차드앤컴퍼니의 보유주식 매도로 지분율이 하락하면서 최대주주가 유한회사 애프엔티 외 2인으로 변경됐다고 9일 공시했다. 소유비율은 14.07%다.
아시아경제,024850,/news/news_read.nhn?article_id=0003693254&office_id=277&mode=search&query=피에스엠씨&page=1,2016-02-23 15:55,"[오늘의 상하한가]피에스엠씨&middot;칩스앤미디어 &lsquo;상한가&rsquo;, 고점 매도에 한일진공 &lsquo;하한...","[아시아경제 팍스넷 배요한 기자] 23일 국내 주식시장은 피에스엠씨, 칩스앤미디어 두 종목이 상한가를 기록했다. 하한가 종목은 한일진공 한 종목 뿐이었다. 반도체 핵심부품 전문업체 피에스엠씨는 최근 전직 대표와 임원의 회계처리 위반에 따른 검찰 기소 공시가 나오면서 주가가 조정을 받았으나, 이날 상장 폐지사유가 없다는 보도가 나오면서 가격제한폭까지 치솟았다. 피에스엠씨는 전일 대비 139원(29.96%) 오른 603원에 장을 마쳤다. 반도체 설계자산(IP) 전문업체 칩스앤미디어는 상승으로 장을 개시한 후 상승폭을 늘려나가다가 오후 들어 상한가에 안착했다. 칩스앤미디어는 전날 대비 1475원(29.83%) 상승한 6420원을 기록했다. 이 종목은 4일 연속으로 약 44% 상승했다. 진공코팅설비 제조업체 한일진공은 전일 대비 1440원(30.0%) 하락한 3360원에 장을 마감했다. 최근 주가가 크게 오른 한일진공은 고점에서 차익 실현 매물이 나오면서 주가가 가격제한폭까지 하락한 것으로 풀이된다. 한일진공은 지난 1일부터 전날까지 13거래일 연속 주가가 오르며 53.3% 상승했다."
아시아경제,024850,/news/news_read.nhn?article_id=0003840404&office_id=277&mode=search&query=피에스엠씨&page=1,2016-10-04 16:51,"피에스엠씨, 다음달 15일 임시주주총회 소집",[아시아경제 권해영 기자] 피에스엠씨는 다음달 15일 오전 9시 경기도 화성 사옥에서 임시주주총회를 소집한다고 4일 공시했다.
파이낸셜뉴스,024850,/news/news_read.nhn?article_id=0003847642&office_id=014&mode=search&query=피에스엠씨&page=1,2017-07-21 10:47,"[fnRASSI]피에스엠씨, 2.49% 오르며 거래량 증가","피에스엠씨(024850)는 당일 거래량 증가로 최근 5거래일 거래량의 최고치를 넘어섰다. 그리고 피에스엠씨는 3일 연속 상승흐름을 보이며, 10시 42분 현재 2.49% 증가한 535원에 거래중이다. 상장주식수 대비 거래량은 0.94%로 적정수준 최근 한달간 피에스엠씨의 상장주식수 대비 거래량을 비교해보니 일별 매매회전율이 0.94%로 집계됐다. 그리고 동기간 장중 저점과 고점의 차이인 일평균 주가변동률을 4.13%를 나타내고 있다. 퀀트 재무분석, 종합점수 3점으로 상승                    지표               항목               값               종합점수                 성장성               매출액증가율               -0.38               0.79                 자기자본증가율               -0.22                 안정성               부채비율               83.87               5.87                 유동비율               162.41                 이익안정성               3.61                 수익성               ROA               -8.12               0.9                 ROE               -14.92                 영업이익율               -21.07          피에스엠씨의 퀀트 재무 점수는 7.56점으로 3개월 이전 7.32점보다 올랐다. 지난 분기에 비해 성장성 점수가 상승했다. 이는 자기자본 증가율이 증가하였기 때문이다. 'fnRASSI'는 증권전문 기업 씽크풀과 파이낸셜뉴스의 협업으로 로봇기자가 실시간으로 생산하는 기사입니다."
아시아경제,024850,/news/news_read.nhn?article_id=0003597315&office_id=277&mode=search&query=피에스엠씨&page=1,2015-10-05 18:19,"피에스엠씨, 불성실공시법인 지정",[아시아경제 조인경 기자] 코스닥시장본부는 5일 피에스엠씨에 대해 최대주주 변경 지연공시를 이유로 불성실공시법인으로 지정했다. 부과벌점은 4점이다.
머니투데이,024850,/news/news_read.nhn?article_id=0003554806&office_id=008&mode=search&query=피에스엠씨&page=1,2015-10-05 18:14,피에스엠씨 불성실공시법인 지정,[머니투데이 이미영 기자] 피에스엠씨가 최대주주 변경 지연공시로 불성실공시법인에 5일 지정됐다. 부과벌점은 4점이다. textlinktopstart textlinktopend textlinkstart
머니투데이,024850,/news/news_read.nhn?article_id=0003669956&office_id=008&mode=search&query=피에스엠씨&page=1,2016-04-25 15:35,"피에스엠씨, 본점소재지 부산&rarr;화성으로 변경",[머니투데이 이창명 기자] 피에스엠씨는 경쟁력 강화와 사업 지속성을 확보하기 위해 부산광역시 해운대구에 있던 본점소재지를 경기도 화성시로 변경했다고 25일 공시했다. textlinktopstart textlinktopend textlinkstart
파이낸셜뉴스,024850,/news/news_read.nhn?article_id=0003899879&office_id=014&mode=search&query=피에스엠씨&page=1,2017-11-03 15:39,"[fnRASSI]장마감, 코스닥 상승 종목(피에스엠씨 30%&uarr;)","3일 코스닥 시장은 상승 585개, 하락 517개, 보합 130개로 마감했다. 상승한 종목으로 피에스엠씨(024850) 30%, DSC인베스트먼트(241520) 29.9%, CMG제약(058820) 18.81% 등이 있다. 'fnRASSI'는 증권전문 기업 씽크풀과 파이낸셜뉴스의 협업으로 로봇기자가 실시간으로 생산하는 기사입니다."
머니투데이,024850,/news/news_read.nhn?article_id=0003958670&office_id=008&mode=search&query=피에스엠씨&page=1,2017-11-03 16:32,"[조회공시]피에스엠씨, 주가급등 관련",[머니투데이 안재용 기자] 한국거래소는 피에스엠씨에 대해 주가급등 관련 조회공시를 3일 요구했다.
서울경제,024850,/news/news_read.nhn?article_id=0003373238&office_id=011&mode=search&query=피에스엠씨&page=1,2018-08-17 09:03,"&lt;코&gt;피에스엠씨, 장중 신고가 돌파.. 1,285&rarr;1,330(▲45)","[서울경제] 오전 9시 2분 현재 피에스엠씨(024850) 가 19.28% 오른 1,330원(▲215)을 기록하며, 52주 신고가를 +45원 경신했다. 기존 52주 최고가는 2018년 08월 10일 기록한 1,285원이다. 체결강도는 166%로 강세 반전했다. 총매수체결량은 923,097주, 총매도체결량은 556,997주를 각각 기록했다.  (※ 체결강도(%) = (총매수체결량/총매도체결량)*100) 이 시각 현재 거래대금은 20억7,662만, 거래량은 164만6,775주를 기록하고 있으며, 수급측면으로는 38(매도):62(매수)의 매수우위를 보이고 있다. 거래일을 기준으로 최근 3일간 평균 거래량은 6백6십3만4천주, 60일 평균 거래량 1백3십5만2천주로 최근 거래량이 큰 폭으로 증가하는 추세다."
파이낸셜뉴스,024850,/news/news_read.nhn?article_id=0003860225&office_id=014&mode=search&query=피에스엠씨&page=1,2017-08-18 09:37,"[fnRASSI]피에스엠씨, 3.98% 오르며 거래량 증가","피에스엠씨(024850)의 현재 거래량이 최근 5거래일 거래량의 최고치를 넘어섰다. 그리고 피에스엠씨는 4일 연속 상승흐름을 보이며, 9시 33분 현재 3.98% 증가한 548원에 거래중이다. 퀀트 재무분석, 종합점수 3점으로 상승                    지표               항목               값               종합점수                 성장성               매출액증가율               -0.38               0.78                 자기자본증가율               -0.22                 안정성               부채비율               83.87               5.87                 유동비율               162.41                 이익안정성               3.61                 수익성               ROA               -8.12               0.87                 ROE               -14.92                 영업이익율               -21.07          피에스엠씨의 퀀트 재무 점수는 7.52점으로 3개월 이전 7.4점보다 올랐다. 지난 분기에 비해 성장성 점수가 상승했다. 이는 자기자본 증가율이 증가하였기 때문이다. 외국인 보유량 증가, 기관 변화 없음 (5일 누적) 최근 5일간 동종목의 외국인 투자자는 4,711주 순매수하였고 마찬가지로 기관은 0주 순매수하였다. 전날 외국인은 1,588주 순매수했지만 기관은 순매수량이 0으로 보유비율 그대로 유지했다. 다음 표는 동종목의 외국인, 기관의 일별 순매수량을 나타낸 것이다. 'fnRASSI'는 증권전문 기업 씽크풀과 파이낸셜뉴스의 협업으로 로봇기자가 실시간으로 생산하는 기사입니다."
아시아경제,024850,/news/news_read.nhn?article_id=0003693020&office_id=277&mode=search&query=피에스엠씨&page=1,2016-02-23 13:13,"거래소 &ldquo;피에스엠씨, 상장폐지 사유없다&rdquo;","[아시아경제 팍스넷 배요한 기자] 반도체 핵심부품 전문업체 피에스엠씨의 전 대표이사와 임원이 회계처리 위반으로 검찰에 기소된 사실이 밝혀지면서 주주들의 불안감이 커지고 있다. 기업들의 회계처리 위반은 횡령·배임인 만큼 상장폐지 요건에 해당하기 때문이다. 이 때문에 피에스엠씨의 주가는 지난 18일 관련 공시가 발표된 날 장중 22% 하락하기도 했다. 그러나 한국거래소 측은 같은 사유로 과거 실질심사를 받은 만큼 상장 폐지와는 관련이 없다는 입장이다. 금융감독원 전자공시시스템에 따르면 피에스엠씨의 전 대표이사인 정동수 씨와, 임원 김종완 씨는 회계처리기준 위반행위로 지난해 12월31일 서울동부지방검찰청에 기소됐다. 기소내용은 제35기(2012년) 1분기 분기보고서에 첨부된 재무제표 주석란에 자기주식을 456만7024주로 과다계상하고 현금흐름표에 대손상각비 53억6000만원을 과소계상 (주식회사 외부감사에 관한 법률 위반 혐의)한 혐의다. 한국거래소 관계자는 23일 “피에스엠씨는 이미 회계처리 위반혐의로 2013년도에 상장폐지 실질 심사를 받았지만 상장이 유지 된 바 있기 때문에 같은 사유로 심사를 다시 받지 않는다“고 밝혔다. 또 “이번 검찰 기소건이나 재판 결과로 인해 회사에 취해지는 조치는 없다”면서 “다만 기소된 임원에 대한 관련 공시는 계속 진행된다”고 말했다. 피에스엠씨 관계자는 “2012년 김종완 부회장의 자사주 위반으로 인해 과거 회사는 과징금을 물고 시세차익 부분은 회계상에 반영했다”면서 “감리조치를 받아 지정감사를 2012년부터 2014년까지 받았다”고 설명했다. 또 ”증권선물위원회 요청대로 이행을 다한 만큼 회사의 책임은 모두 끝난 상황“이라고 밝혔다. 금융위원회에 따르면 피에스엠씨는 차입을 위해 자기주식(456만주)을 담보로 자금을 조달했고, 이는 2011년 8월에서 10월 사이에 처분됐다. 그러나 피에스엠씨의 2012년 1분기 분기보고서에는 이미 처분됐던 자기주식이 존재하고 있는 것으로 공시됐다. 이에 따라 피에스엠씨는 분식회계설이 떠돌면서 지난 2013년 2월21일 상장폐지 실질심사를 받았지만, 상장이 유지됐다. 현재 김종완 부회장은 관련 사건으로 징역형을 살고 있는 것으로 알려졌다."
파이낸셜뉴스,024850,/news/news_read.nhn?article_id=0003899877&office_id=014&mode=search&query=피에스엠씨&page=1,2017-11-03 15:37,"[fnRASSI]오늘의 상한가, 피에스엠씨 30% &uarr;","03일 피에스엠씨(024850), 한진칼우(18064K), DSC인베스트먼트(241520)등이 상한가를 기록했다. 특히 피에스엠씨는 전 거래일 대비 30% 오른 858원에 거래를 마감하며 높은 관심을 받았다. 'fnRASSI'는 증권전문 기업 씽크풀과 파이낸셜뉴스의 협업으로 로봇기자가 실시간으로 생산하는 기사입니다."
머니투데이,024850,/news/news_read.nhn?article_id=0004013666&office_id=008&mode=search&query=피에스엠씨&page=1,2018-02-22 17:38,"피에스엠씨, 풍산에 11억7000만원 손해배상 피소","[머니투데이 김사무엘 기자] 피에스엠씨는 지난 5일 주식회사 풍산이 회사를 상대로 11억7194만원 규모의 손해배상 청구소송을 제기했다고 22일 공시했다. 청구 금액은 최근 매출액 대비 6%에 해당한다. 피에스엠씨는 ""소송대리인을 선임해 법적인 절차에 따라 적극 대응할 예정""이라고 밝혔다."
파이낸셜뉴스,024850,/news/news_read.nhn?article_id=0004076719&office_id=014&mode=search&query=피에스엠씨&page=1,2018-08-17 09:05,"[fnRASSI]피에스엠씨, 52주 신고가...19.73% &uarr;","피에스엠씨(024850)는 52주신고가를 기록하고 있어 주목할만하다. 동종목의 현재 주가는 1,335원 선에서 이루어지고 있다. 거래일을 기준으로 최근 3일간 평균 거래량은 718만 주이다. 이는 60일 일 평균 거래량 137만 주와 비교해보면 최근 거래량이 급격히 늘어났다는 것을 알 수 있다. 기관/개인 순매수, 외국인은 순매도(한달누적)  8월9일부터 전일까지 외국인이 5거래일 연속 동종목을 내다 팔았다. 4주간을 기준으로 보면 기관이 순매수량을 늘리며 449,013주를 순매수했고, 개인들도 초반에 동종목을 순매수한 이후에 기세를 이어가며 468,699주를 순매수했다. 반면 그 동안 외국인은 917,712주를 순매도했다. 외국인 보유량 감소, 기관 증가 (5일 누적) 최근 5일간 동종목의 외국인 투자자는 704,689주 순매도하였고 반면 기관은 17주 순매수하였다. 전날 두 주체 각각 156,045주, 17주 순매도하며 보유 비율을 줄였다. 다음 표는 동종목의 외국인, 기관의 일별 순매수량을 나타낸 것이다. 'fnRASSI'는 증권전문 기업 씽크풀과 파이낸셜뉴스의 협업으로 로봇기자가 실시간으로 생산하는 기사입니다."
연합뉴스,024850,/news/news_read.nhn?article_id=0007897261&office_id=001&mode=search&query=피에스엠씨&page=1,2015-10-05 18:09,윈드윈네트웍&middot;피에스엠씨 불성실공시법인 지정,(서울=연합뉴스) 김수진 기자 = 한국거래소는 윈드윈네트웍을 공시 번복에 따라 불성실공시법인으로 지정했다고 5일 밝혔다. 또 최대주주 변경을 지연 공시한 피에스엠씨도 불성실공시법인으로 지정했다.
머니투데이,024850,/news/news_read.nhn?article_id=0003750932&office_id=008&mode=search&query=피에스엠씨&page=1,2016-10-04 16:31,"피에스엠씨, 10월 24~26일 주주명부 폐쇄",[머니투데이 안재용 기자] 피에스엠씨는 오는 24일부터 26일까지 임시주주총회 개최를 위한 권리주주 확정을 위해 주주명부를 폐쇄한다고 4일 공시했다. textlinktopstart textlinktopend textlinkstart
파이낸셜뉴스,024850,/news/news_read.nhn?article_id=0003899838&office_id=014&mode=search&query=피에스엠씨&page=1,2017-11-03 14:35,"[특징주]피에스엠씨, 기타법인 매수...상한가",피에스엠씨가 급등세다. 기타법인의 매수세가 이어지고 있기 때문으로 풀이된다. 기타법인 매수로 금융투자업계는 지분투자 또는 인수합병(M&A) 이뤄질 수 있다고 보고 있다. 3일 오후 2시28분 현재 피에스엠씨는 전거래일 대비 30.00%(198원) 상승한 858원을 기록하며 가격제한폭까지 상승했다. 피에스엠씨는 665원으로 출발한 이후 상승폭을 확대하며 급등세다. 피에스엠씨의 급등세는 기타법인의 매수세가 일조하고 있는 것으로 분석된다. 지난 1일 개인이 18억원 규모의 주식을 팔아치웠지만 기타법인은 20억원 가까이 매수했다. 지난 2일에도 기타법인에서 8200만원 정도를 추가로 매수했다. 통상 기타법인은 다른 기업이 지분투자를 하거나 M&A가 이뤄지는 경우가 종종 있어 왔다.
머니투데이,024850,/news/news_read.nhn?article_id=0004092649&office_id=008&mode=search&query=피에스엠씨&page=1,2018-08-17 08:33,"이에스브이, 피에스엠씨 최대주주로 올라서&hellip;경영권 확보 &lsquo;우위&rsquo;","[머니투데이 김건우 기자] [ 장내 매수로 지분 12%→15% 확대 ""빠른 성장 도모할 것""] 이에스브이가 피에스엠씨의 지분을 늘리며 최대주주로 올라섰다. 이에 따라 피에스엠씨를 대상으로 인수·합병(M&A)을 시도하고 있는 이에스브이가 경영권 확보에 우위를 점하고 있는 분위기다. 17일 피에스엠씨에 따르면 지난 16일 최대주주가 에프앤티 외 2인에서 이에스브이로 변경됐다. 변경 사유는 장내 매수로 인한 최대주주 변경이다. 증권업계는 오는 9월 21일 이에스브이가 요청한 피에스엠씨 임시주주총회 전까지 최대주주 자리를 놓고 지분 경쟁이 벌어질 것으로 전망하고 있다. 이에스브이는 이번 임시주총에서 향후 원활한 경영 참여를 위해 △진종필, 최현준, 정재근 등 3인에 대한 사내이사 선임 △김성태, 여현동 등 2인에 대한 사외이사 선임 △정관변경의 안 등을 다룰 예정이다. 이에스브이 관계자는 “피에스엠씨가 미래 성장가치가 높다고 판단해 장내매수를 통해 최대주주에 올랐다""며 ""이에스브이가 보유한 우수한 IT기술과 폭 넓은 네트워크를 활용한다면 우량기업으로 빠르게 성장할 것”이라고 말했다."
아시아경제,024850,/news/news_read.nhn?article_id=0003840388&office_id=277&mode=search&query=피에스엠씨&page=1,2016-10-04 16:39,"피에스엠씨, 오는 22~24일 주주명부 폐쇄",[아시아경제 권해영 기자] 피에스엠씨는 임시주주총회 개최를 위한 권리주주 확정을 위해 오는 22~24일 주주명부를 폐쇄한다고 4일 공시했다.
이데일리,024850,/news/news_read.nhn?article_id=0003643108&office_id=018&mode=search&query=피에스엠씨&page=1,2016-10-04 16:57,"피에스엠씨, 내달 15일 주주총회 소집 결의",[이데일리 최정희 기자] 피에스엠씨(024850)는 내달 15일 경기도 화성시 피에스엠씨 회의실에서 주주총회를 소집키로 했다고 4일 공시했다. 주주총회에선 정관 일부 변경과 이사 및 감사를 선임하는 안건을 논의한다.
머니투데이,024850,/news/news_read.nhn?article_id=0003540499&office_id=008&mode=search&query=피에스엠씨&page=1,2015-09-10 10:50,"피에스엠씨, 최대주주 변경",[머니투데이 이하늘 기자] 피에스엠씨는 자사 최대주주가 리차드앤컴퍼니에서 유한회사 애프엔티로 변경됐다고 10일 공시했다. textlinktopstart textlinktopend textlinkstart
서울경제,024850,/news/news_read.nhn?article_id=0003383778&office_id=011&mode=search&query=피에스엠씨&page=1,2018-08-31 09:31,"&lt;코&gt;피에스엠씨, 전일 대비 8.57% 상승.. 일일회전율은 15.19% 기록","[서울경제] 피에스엠씨(024850) 는 31일 오전 9시 30분 현재 8.57% 오른 1,520원에 거래되고 있으며, 53(매도):47(매수)의 매도우위를 기록하고 있다. 거래대금은 91억9,514만, 거래량은 588만3,638주로 거래량회전율은 15.19%로 나타났다. 지난 1개월간 피에스엠씨는 상한가 2회, 상승 16회, 하락 11회를 기록했고, 주가수익률은 86.05% 표준편차는 9.60%를 기록했다. 이 기간 ' 반도체업 ' 업종 평균 주가수익률은 -3.24%로 나타났으며, 변동성은 1.66%를 기록했다. 이 시각 현재 ' 반도체업 '은 0.94% 상승 중이며, 43(매도):57(매수)의 매수우위를 기록하고 있다."
서울경제,024850,/news/news_read.nhn?article_id=0003376988&office_id=011&mode=search&query=피에스엠씨&page=1,2018-08-22 15:01,"&lt;코&gt;피에스엠씨, 상한가 진입.. +30.00% &uarr;","[서울경제] 오후 3시 0분 현재 피에스엠씨(024850) 가 +30.00% 오른 1,820원(▲420)으로 장중 상한가에 진입했다. 거래대금은 76억2,974만, 거래량은 455만4,674주를 기록하고 있다. 피에스엠씨는 전일 상승(1,400원, ▲120, +9.38%)한데 이어 이틀 연속 상승세를 이어가고 있다. 지난 1개월간 피에스엠씨는 상한가 1회, 상승 18회, 하락 9회를 기록했고, 주가수익률은 124.97%였다. 이 기간 ' 반도체업 ' 업종 평균 주가수익률은 -4.77%를 기록했다. 현재 ' 반도체업 ' 총 117개 종목 중 상한가 종목은 1개, 상승 종목은 56개로, 일부 종목만이 상승세를 보이고 있다. ( 베셀(177350) +27.73%, 알에프세미(096610) +24.22%, STC(123260) +8.21%)"
파이낸셜뉴스,024850,/news/news_read.nhn?article_id=0004078949&office_id=014&mode=search&query=피에스엠씨&page=1,2018-08-21 15:09,[fnRASSI]피에스엠씨(024850) 현재 9.38% &uarr;,"피에스엠씨(024850)는 현재 주가가 전일 대비 9.38% 상승한 1,400원 선에서 거래가 이루어지고 있다. 기관/개인 순매수, 외국인은 순매도(한달누적)  전일까지 외국인이 7일 연속, 기관이 3일 연속 각각 동종목을 순매도 했다. 4주간을 기준으로 보면 기관이 매기를 떨어뜨리면서도 49,698주를 순매수했고, 개인들도 초반에 동종목을 순매수한 이후에 기세를 이어가며 1,149,860주를 순매수했다. 반면 그 동안 외국인은 매도 관점으로 접근하면서 1,199,558주를 순매도했다. 거래참여는 개인투자자가 가장 활발 최근 한달간 주체별 거래비중을 살펴보면 개인이 전체 거래의 96.69%를 차지하며 가장 적극적인 모습을 보여줬고, 외국인은 2.73%를 나타냈으며 기관은 0.57%를 나타냈다. 그리고 최근 5일간 거래비중은 개인이 95.46%로 가장 높은 참여율을 보였고, 외국인이 3.71%를 보였으며 기관은 0.81%를 나타냈다. 'fnRASSI'는 증권전문 기업 씽크풀과 파이낸셜뉴스의 협업으로 로봇기자가 실시간으로 생산하는 기사입니다."
머니투데이,024850,/news/news_read.nhn?article_id=0004095118&office_id=008&mode=search&query=피에스엠씨&page=1,2018-08-23 07:59,"이에스브이, 피에스엠씨 지분 추가매수&hellip;지분율 26.27%",[머니투데이 백지수 기자] 이에스브이는 반도체 반품과 금형 제조 사업을 하는 국내 회사 피에스엠씨의 지분을 장내 매수와 시간 외 대량매매 방식 등을 통해 추가 매수해 지분율을 26.27%(1017만3711주)로 늘렸다고 23일 공시했다. 이에스브이 측은 경영 참여 등을 위한 의결권을 확보하기 위한 것이라고 설명했다.
아시아경제,024850,/news/news_read.nhn?article_id=0004300625&office_id=277&mode=search&query=피에스엠씨&page=1,2018-08-23 07:47,"이에스브이, 피에스엠씨 주식 276만주 취득",[아시아경제 유현석 기자] 이에스브이는 경영참여를 위해 반도체 반품 및 금형제조업체 피에스엠씨의 주식 276만1178주를 취득하기로 했다고 23일 공시했다. 취득금액은 48억9800만원이다. 이는 지난해 말 연결 기준 자기자본 대비 11.98%에 해당한다. 취득 후 지분비율은 26.27%(1017만3711주)다.
한국경제,024850,/news/news_read.nhn?article_id=0003999756&office_id=015&mode=search&query=피에스엠씨&page=1,2018-08-23 07:38,"이에스브이, 피에스엠씨 주식 276만주 취득",이에스브이는 경영참여를 위해 반도체 반품 및 금형제조업체 피에스엠씨의 주식 276만1178주를 취득하기로 결정했다고 23일 공시했다. 취득금액은 48억9800만원 규모로 지난해 연결기준 자기자본의 11.98%에 해당한다. 취득 후 소유지분은 26.27%다. 조아라 한경닷컴 기자
이데일리,024850,/news/news_read.nhn?article_id=0003963830&office_id=018&mode=search&query=피에스엠씨&page=1,2017-11-06 16:44,피에스엠씨 &quot;12월8일 임시주총서 주주제안 있을 수 있다&quot;,[이데일리 안혜신 기자] 피에스엠씨(024850)는 6일 거래소의 최근 주가급등 관련 조회공시 답변을 통해 “12월8일 임시주주총회 결과를 공시할 예정”이라며 “임시주주총회 세부결의사항에 대해 주주제안이 있을수 있으며 세부결의사항이 미확정중인만큼 확정시 해당사항을 공시할 예정”이라고 밝혔다.
머니투데이,024850,/news/news_read.nhn?article_id=0003980490&office_id=008&mode=search&query=피에스엠씨&page=1,2017-12-18 16:16,"이에스브이, 피에스엠씨 지분 보유목적 경영참가로 변경","[머니투데이 이원광 기자] 피에스엠씨 는 이에스브이 가 자사의 지분 보유 목적을 단순투자에서 경영참가로 변경했다고 18일 밝혔다. 피에스엠씨는 이날 대량보유상황보고서 공시를 통해 이같이 설명했다. 이에스브이는 지난달 피엠스엠씨 지분 11.59%를 확보하며 단일 취대주주로 올라선 바 있다. 피에스엠씨 관계자는 ""이에스브이가 경영참가 목적을 밝힘으로써 피엠스엠씨의 경영 안정화에 기여할 것으로 기대된다""고 말했다."
파이낸셜뉴스,024850,/news/news_read.nhn?article_id=0003925147&office_id=014&mode=search&query=피에스엠씨&page=1,2017-12-15 11:33,"[fnRASSI]피에스엠씨, 5.03% 오르며 거래량 증가","피에스엠씨(024850)의 현재 거래량이 최근 5거래일 거래량의 최고치를 넘어서며 투자자들의 관심을 받고 있다. 그리고 피에스엠씨는 3일 연속 상승흐름을 보이며, 11시 29분 현재 5.03% 증가한 814원에 거래중이다. 외국인, 기관 모두 보유량 증가 (5일 누적) 최근 5일간 동종목의 외국인 투자자는 194,822주 순매수하였고 마찬가지로 기관은 998주 순매수하였다. 전날 외국인 78,822주 순매수, 기관998주 순매도하며 보유 비율이 변동했다. 다음 표는 동종목의 외국인, 기관의 일별 순매수량을 나타낸 것이다. 외국인/기관 순매수, 개인은 순매도(한달누적)  12월11일부터 전일까지 외국인이 4거래일 연속 순매수를 보였다. 4주간을 기준으로 보면 외국인이 순매수량을 늘리며 1,155,996주를 순매수했고, 기관도 초반에 동종목을 순매수한 이후에 기세를 이어가며 63,466주를 순매수했다. 반면 개인들은 매도 관점으로 접근하면서 1,219,462주를 순매도한 것으로 나타났다. 'fnRASSI'는 증권전문 기업 씽크풀과 파이낸셜뉴스의 협업으로 로봇기자가 실시간으로 생산하는 기사입니다."
이데일리,024850,/news/news_read.nhn?article_id=0004184024&office_id=018&mode=search&query=피에스엠씨&page=1,2018-08-28 16:13,"피에스엠씨, 이에스브이에 의결권행사금지 가처분 피소",[이데일리 이명철 기자] 피에스엠씨(024850)는 이에스브이가 수원지방법원 성남지원에 의결권행사금지가처분신청서를 제출했다고 28일 공시했다.
파이낸셜뉴스,024850,/news/news_read.nhn?article_id=0003902203&office_id=014&mode=search&query=피에스엠씨&page=1,2017-11-08 10:53,[fnRASSI]피에스엠씨(024850) 9.92% 상승,"현재 피에스엠씨(024850)는 전일대비 9.92% 상승하여 931원 선에서 거래가 이루어지고 있다. 기관/개인 순매수, 외국인은 순매도(한달누적)  기관이 2일연속 순매수를 보이고 있는 반면에 외국인은 2일연속 순매도를 보이고 있다. 4주간을 기준으로 보면 기관이 방향성있는 매매를 하면서 102,240주를 순매수했고, 개인들도 순매수량을 늘리며 272,810주를 순매수했다. 반면 그 동안 외국인은 매도 우위를 지속하면서 375,050주를 순매도했다. 주요 투자주체는 개인투자자 최근 한달간 주체별 거래비중을 살펴보면 개인이 96.73%로 가장 높은 참여율을 보였고, 외국인이 3.18%를 보였으며 기관은 0.08%를 나타냈다. 그리고 최근 5일간 거래비중은 개인이 97.57%, 외국인이 2.31%, 기관은 0.1%를 기록한 것으로 나타났다. 'fnRASSI'는 증권전문 기업 씽크풀과 파이낸셜뉴스의 협업으로 로봇기자가 실시간으로 생산하는 기사입니다."
전자신문,024850,/news/news_read.nhn?article_id=0002655286&office_id=030&mode=search&query=피에스엠씨&page=1,2017-11-08 10:40,"[ET투자뉴스][피에스엠씨 지분 변동] (주)이에스브이7.97%p 증가, 7.97...","피에스엠씨(024850)는 08일 최대주주 (주)이에스브이의 보유주식이 증가되었다고 발표했다. 이는 직전 보고일보다 3,087,038주 증가하여 지분율은 7.97%로 상승했다. 이번 보고 사유는 주식취득에 따른 신규보고로  알려졌다.   최대주주와 특수관계자의 지분 변동은 주가에 영향을 주는 요인이다. 특히 보유비율을 지속적으로 늘리거나 줄일 경우, 해당종목 투자시 유의할 필요가 있다.  다음은 피에스엠씨의 지분 변동 내역과 보유 내역이다."
파이낸셜뉴스,024850,/news/news_read.nhn?article_id=0003894364&office_id=014&mode=search&query=피에스엠씨&page=1,2017-10-25 11:08,"[fnRASSI]피에스엠씨, 4.74% 오르며 거래량 증가","피에스엠씨는 투자자들의 관심으로 현재 거래량이 최근 5거래일 거래량의 최고치를 넘어섰다. 그리고 피에스엠씨는 3일 연속 상승흐름을 보이며, 11시 6분 현재 4.74% 증가한 552원에 거래중이다. 퀀트 재무분석, 종합점수 3점으로 상승                    지표               항목               값               종합점수                 성장성               매출액증가율               -0.42               0.6                 자기자본증가율               -0.26                 안정성               부채비율               88.99               6.01                 유동비율               162.82                 이익안정성               3.89                 수익성               ROA               -4.96               1.08                 ROE               -9.37                 영업이익율               -18.28          피에스엠씨의 퀀트 재무 점수는 7.69점으로 3개월 이전 7.56점보다 올랐다. 지난 분기에 비해 성장성 점수가 하락했다. 이는 매출액 증가율과 자기자본 증가율이 감소하였기 때문이다. 안정성 종합 점수는 유동비율 증가, 실적 안정성 증가로 상승했다. 수익성 측면에서 볼때 ROA, ROE, 영업이익률 모두 개선되어 이전보다 좋은 점수를 받았다. 기관투자자 연속 1일 순매도 최근 5일간 동종목의 외국인 투자자는 122,332주 순매도하였고 반면 기관은 28주 순매수하였다. 전날 두 주체 각각 1,544주, 28주 순매수하며 보유 비율을 늘렸다. 다음 표는 동종목의 외국인, 기관의 일별 순매수량을 나타낸 것이다. 'fnRASSI'는 증권전문 기업 씽크풀과 파이낸셜뉴스의 협업으로 로봇기자가 실시간으로 생산하는 기사입니다."
파이낸셜뉴스,024850,/news/news_read.nhn?article_id=0003926471&office_id=014&mode=search&query=피에스엠씨&page=1,2017-12-18 14:21,"이에스브이, 피에스엠씨 단일 최대주주로..경영참여 목적","이에스브이는 18일 공시를 통해 에스엠씨의 지분 보유목적을 단순투자목적에서 경영참가목적으로 변경했다고 밝혔다. 종전에 피에스엠씨의 지분 3.77%를 보유, 제안주주 자격이었던 이에스브이는 지난달 지분율을 7.97%로 늘린데 이어 3.62%포인트를 더 끌어올려 총 11.59%(448만9041주)를 확보해 최대주주가 됐다. 이에스브이가 경영참가 목적을 밝힘으로써 최근 악화된 피에스엠씨의 책임경영과 경영권 안정화에 시발점이 될 것으로 기대된다."
연합뉴스,024850,/news/news_read.nhn?article_id=0010303884&office_id=001&mode=search&query=피에스엠씨&page=1,2018-08-28 16:03,"피에스엠씨, 이에스브이 상대 의결권행사금지 가처분 신청",(서울=연합뉴스) 김아람 기자 = 피에스엠씨는 채무자인 이에스브이를 상대로 의결권행사금지 가처분 신청을 수원지법 성남지원에 제기했다고 28일 공시했다.
머니투데이,024850,/news/news_read.nhn?article_id=0004097418&office_id=008&mode=search&query=피에스엠씨&page=1,2018-08-28 15:52,"피에스엠씨, 이에스브이 의결권행사 금지 가처분 신청",[머니투데이 강주헌 기자] 피에스엠씨는 이에스브이를 피신청인으로 한 의결권행사금지가처분신청서를 수원지방법원에 접수했다고 28일 공시했다.
아시아경제,024850,/news/news_read.nhn?article_id=0004304102&office_id=277&mode=search&query=피에스엠씨&page=1,2018-08-28 15:50,"피에스엠씨, &quot;채무자 이에스브이 주총 별지목록 기재 주식 의결권 행사 안된다&quot;","[아시아경제 문채석 기자]피에스엠씨는 피신청자인 채무자 이에스브이와의 의결권행사금지가처분신청에 관해 ""이에스브이는 다음달 21일 9시에 개최되는 신청인의 주주총회에서 별지 목록 기재 주식에 대한 의결권을 행사해선 안 된다""며 ""신청비용은 이에스브이가 부담한다""고 28일 공시했다. 관할법원은 수원지방법원 성남지원이다."
파이낸셜뉴스,024850,/news/news_read.nhn?article_id=0003898476&office_id=014&mode=search&query=피에스엠씨&page=1,2017-11-01 14:21,[fnRASSI]피에스엠씨(024850) 현재 +14%,"현재 피에스엠씨(024850)는 전일대비 14% 상승하여 627원 선에서 거래가 이루어지고 있다. 매매주체는개인,외국인 최근 한달간 주체별 거래비중을 살펴보면 개인이 93.55%, 외국인이 6.43%를 기록한 것으로 나타났다. 그리고 최근 5일간 거래비중은 개인 비중이 94.44%로 가장 높았고, 외국인이 5.55%로 그 뒤를 이었다. 기관은 거래에 참여하지 않은 것으로 보인다. 외국인투자자 연속 6일 순매도 최근 5일간 동종목의 외국인 투자자는 250,811주 순매수하였고 마찬가지로 기관은 0주 순매수하였다. 전날 외국인은 55,311주 순매수했지만 기관은 순매수량이 0으로 보유비율 그대로 유지했다. 다음 표는 동종목의 외국인, 기관의 일별 순매수량을 나타낸 것이다. 'fnRASSI'는 증권전문 기업 씽크풀과 파이낸셜뉴스의 협업으로 로봇기자가 실시간으로 생산하는 기사입니다."
이데일리,024850,/news/news_read.nhn?article_id=0003966306&office_id=018&mode=search&query=피에스엠씨&page=1,2017-11-09 09:38,"이에스브이, 피에스엠씨 지분 11.6% 확보&hellip;최대주주 등극","[이데일리 이후섭 기자] 이에스브이(223310)는 피에스엠씨 지분 11.59%를 확보해 단일 최대주주로 등극했다고 9일 밝혔다. 이에스브이는 전날 7.97%의 지분을 취득한데 이어 이날 3.62% 지분을 추가 취득했다. 기존 단일 최대주주였던 애프앤티는 6.46%의 지분율로 2대주주가 됐다. 에프앤티는 특수관계인을 포함하면 14.07%의 지분을 보유하고 있다. 피에스엠씨는 반도체 리드프레임 생산을 주력 사업으로 영위하고 있다. 지난해 매출액은 전년대비 18.2% 감소한 409억원을 기록했으며 영업손실 86억원으로 적자폭이 소폭 축소됐다. 올해 상반기 매출액과 영업이익은 각각 121억원, 3억원을 기록했다. 이에스브이 관계자는“피에스엠씨의 협력 파트너로서 새로운 돌파구를 마련하고자 한다”며 “주주의 권익을강화하고 실질적 주주가치 제고를 통해 회사 가치를 높일 것”이라고 전했다."
파이낸셜뉴스,024850,/news/news_read.nhn?article_id=0003902856&office_id=014&mode=search&query=피에스엠씨&page=1,2017-11-09 09:30,"이에스브이, 피에스엠씨 지분 11.59% 확보. 단일 최대주주 등극","이에스브이는 최근 피에스엠씨 주식 448만9041주를 추가로 취득해 단일 최대주주가 됐다고 9일 밝혔다. 기존에 피에스엠씨의 지분 3.77%를 보유, 제안주주 자격이었던 이에스브이는 지난 8일 지분율을 7.97%로 늘린데 이어 9일에도 3.62%포인트를 더 끌어올려 총 11.59%를 확보했다. 지금까지 단일 최대주주는 6.46%(최대주주 및 특수관계인 포함 14.07%)의 지분을 보유한 애프앤티로 이에스브이가 추가로 지분 취득하면서 2대주주가 됐다. 피에스엠씨의 주가는 올해 들어 660원선으로 대폭 하락했고, 흑자를 내고 있지만 증시에서 긍정적인 평가를 받지 못하고 있다. 주력사업인 리드프레임(LED 패키지를 전자회로 기판에 고정시키는 부품)도 대체 기술이 대거 등장하면서 전망이 밝지 않다. 이에스브이 관계자는 ""피에스엠씨의 협력 파트너로서 새로운 돌파구를 마련코자 한다""며 ""주주의 권익을 강화하고 실질적 주주 가치 제고를 통해 회사 가치 증대를 높일 것""이라고 말했다."
파이낸셜뉴스,024850,/news/news_read.nhn?article_id=0004083000&office_id=014&mode=search&query=피에스엠씨&page=1,2018-08-28 14:57,"[특징주]피에스엠씨, 이에스브이와의 M&amp;A 기대감에 급등","이에스브이와 적대적 인수합병(M&A)를 이어가고 있는 반도체 부품업체 피에스엠씨가 급등세다. 피에스엠씨는 28일 오후 2시55분 현재 전일대비 8.07% 상승한 1540원에 거래되고 있다. 이날 피에스엠씨는 전일대비 21%까지 급등하기도 했다. 지난 23일 이에스브이는 장내 거래를 통해 피에스엠씨 지분을 26.27%에서 31.24%로 늘렸다고 공시했다. 이에스브이는 지난 16일 15%, 17일 17.07%, 20일 18.11%, 21일 19.14%, 22일 26,27%로 지분을 지속적으로 늘리며 에프앤티 외 특수관계인 2인의 지분율(지분 14.07%)과 격차를 벌렸다. 피에스엠씨와의 적대적 인수·합병(M&A) 구도 속에서 유리한 위치를 선점한 이에스브이는 피에스엠씨 임시주주총회에서 경영권 확보를 통해 M&A 절차에 돌입할 것으로 보인다. 앞서 피에스엠씨는 이에스브이의 요청에 따라 내달 21일 임시주주총회를 개최한다고 공시한 바 있다. 총 31.24% 지분을 소유하게 된 이에스브이가 피에스엠씨의 지분대비 3분의 2 이상을 취득하게 됨으로써 특별결의 요건을 충족했다."
서울경제,024850,/news/news_read.nhn?article_id=0003380895&office_id=011&mode=search&query=피에스엠씨&page=1,2018-08-28 09:31,"&lt;코&gt;피에스엠씨, 전일 대비 11.93% 상승.. 일일회전율은 18.23% 기록","[서울경제] 피에스엠씨(024850) 는 28일 오전 9시 30분 현재 11.93% 오른 1,595원에 거래되고 있으며, 44(매도):56(매수)의 매수우위를 기록하고 있다. 거래대금은 109억9,765만, 거래량은 706만848주로 거래량회전율은 18.23%로 나타났다. 지난 1개월간 피에스엠씨는 상한가 2회, 상승 17회, 하락 10회를 기록했고, 주가수익률은 96.91% 표준편차는 9.27%를 기록했다. 이 기간 ' 반도체업 ' 업종 평균 주가수익률은 -3.53%로 나타났으며, 변동성은 1.63%를 기록했다. 이 시각 현재 ' 반도체업 '은 0.77% 상승 중이며, 51(매도):49(매수)의 매도우위를 기록하고 있다."
전자신문,024850,/news/news_read.nhn?article_id=0002655760&office_id=030&mode=search&query=피에스엠씨&page=1,2017-11-09 09:10,"[ET투자뉴스][피에스엠씨 지분 변동] (주)이에스브이11.59%p 증가, 11....","피에스엠씨(024850)는 09일 최대주주 (주)이에스브이의 보유주식이 증가되었다고 발표했다. 이는 직전 보고일보다 1,402,003주 증가하여 지분율은 11.59%로 상승했다. 이번 보고 사유는 주식취득에 따른 변동보고로  알려졌다.   최대주주와 특수관계자의 지분 변동은 주가에 영향을 주는 요인이다. 특히 보유비율을 지속적으로 늘리거나 줄일 경우, 해당종목 투자시 유의할 필요가 있다.  다음은 피에스엠씨의 지분 변동 내역과 보유 내역이다."
전자신문,024850,/news/news_read.nhn?article_id=0002737091&office_id=030&mode=search&query=피에스엠씨&page=1,2018-08-29 17:27,[ET투자뉴스][피에스엠씨 지분 변동] 유한회사에프앤티 외 3명 -1.22%p 감...,"피에스엠씨(024850)는 29일 주요주주 유한회사에프앤티를  비롯한 특별관계자의 보유주식이 감소되었다고 발표했다. 이는 직전 보고일보다 472,213주 감소하여 지분율은 18.22%로 하락했다. 이번 보고 사유는 장내매매로인한보유주식수감소로  알려졌다.   최대주주와 특수관계자의 지분 변동은 주가에 영향을 주는 요인이다. 특히 보유비율을 지속적으로 늘리거나 줄일 경우, 해당종목 투자시 유의할 필요가 있다.  다음은 피에스엠씨의 지분 변동 내역과 보유 내역이다."
전자신문,024850,/news/news_read.nhn?article_id=0002658467&office_id=030&mode=search&query=피에스엠씨&page=1,2017-11-16 13:07,"[ET투자뉴스]피에스엠씨 17년3분기 실적 발표, 매출액 상승세 지속",11월 14일 피에스엠씨(024850)의 2017년 3분기 연결 확정 실적이 발표됐다. 작년 동기 대비해서 매출액은 44% 상승하여 131억원을 기록했다. 영업이익은 3.6억원으로 -26억원에서 흑자전환되었다. 당기순이익은 -0.2억원으로 -3억원에서 적자축소되었다. 이번분기 기준으로 추정되는 피에스엠씨의 자기자본이익률(ROE)은 -1%로 나타났다. 전년 동기인 2016년 3분기 ROE는 -5.1%로 이번 분기에 4.1%p 상승했다. 한편 동종목의영업이익률은 2.7%이다. 최근 4분기 이상 꾸준히 상승하는 추세이다. 지난해 동기 영업이익률은 -29%로 이번 3분기가 31.7%p 상승했다. 주가가 1주당 순자산의 몇배인지 알려주는 주가순자산비율인 PBR은 1.47배이다. PBR은 최근 3분기 이상 연속으로 하락하다가 이번 분기에 상승했다. 지난해 동기 PBR은 1.81배로 이번 3분기 PBR이 하락했다. 다음은 피에스엠씨와 동일 업종 내 비교 그룹 종목의 각각 최근 실적의 전년 동기 대비 성장률이다. 피에스엠씨의 매출액 증감율은 타 종목 대비 가장 우수한 편이다. 그리고 주가의 하락율이 가장 큰 편으로 나타났다.
이데일리,024850,/news/news_read.nhn?article_id=0003992953&office_id=018&mode=search&query=피에스엠씨&page=1,2017-12-15 14:27,"[특징주]피에스엠씨, 3거래일 연속 상승&hellip;실적개선 기대",[이데일리 이후섭 기자] 피에스엠씨(024850)가 강세다. 실적 개선세와 더불어 지난달 최대주주 변경 후 신사업 추진 기대감이 반영된 것으로 보인다. 15일 오후 2시24분 현재 피에스엠씨는 전날대비 112원(14.45%) 오른 887원에 거래되고 있다. 지난 13일 이후 3거래일 연속 상승세를 이어가고 있다. 피에스엠씨는 반도체 리드프레임 생산을 주력 사업으로 영위하고 있다. 지난해 매출액은 전년대비 18.2% 감소한 409억원을 기록했으며 영업손실 86억원으로 적자폭이 소폭 축소됐다. 올해 실적 개선세를 보이고 있다. 상반기 기준 매출액은 252억원으로 전년동기대비 20.6% 증가했으며 영업이익 6억3000만원을 기록해 흑자전환했다. 이에스브이는 지난달 피에스엠씨 지분 11.59%를 확보해 단일 최대주주로 등극했다. 기존 단일 최대주주였던 애프앤티는 6.46%의 지분율로 2대주주가 됐다. 에프앤티는 특수관계인을 포함하면 14.07%의 지분을 보유하고 있다.
연합뉴스,024850,/news/news_read.nhn?article_id=0010289364&office_id=001&mode=search&query=피에스엠씨&page=1,2018-08-23 08:09,"이에스브이, 피에스엠씨 주식 49억원어치 취득","(서울=연합뉴스) 김아람 기자 = 이에스브이는 반도체 반품 및 금형제조 회사 피에스엠씨의 주식 276만1천178주를 장내매수와 시간외 대량매매를 통해 49억원에 취득하기로 했다고 23일 공시했다. 취득 후 지분비율은 26.27%다. 회사 측은 취득 목적을 ""경영 참여 등을 위한 의결권 확보""라고 밝혔다."
이데일리,024850,/news/news_read.nhn?article_id=0004179345&office_id=018&mode=search&query=피에스엠씨&page=1,2018-08-23 08:22,"이에스브이, 49억원 규모 피에스엠씨 지분 취득",[이데일리 이후섭 기자] 이에스브이(223310)는 경영참여 등을 위한 의결권 확보를 위해 피에스엠씨(024850) 주식 276만1178주를 49억원에 취득했다고 23일 공시했다. 주식 취득 후 이에스브이의 지분율은 26.27%다.
전자신문,024850,/news/news_read.nhn?article_id=0002667425&office_id=030&mode=search&query=피에스엠씨&page=1,2017-12-18 10:08,[ET투자뉴스][주요투자자 대량지분변동] 피에스엠씨(024850),"피에스엠씨(024850)는 18일 주요주주 (주)이에스브이의 보유주식이 보유지분율에서의 변화는 없다고 발표했다. 이번 보고서에 따르면 보고자의 주식수는 4489041주이며, 현재 보유지분율은 11.59%를 유지하고 있다. 이번 보고 사유는 단순투자목적에서경영참가목적으로보유목적변경으로  알려졌다.   최대주주와 특수관계자의 지분 변동은 주가에 영향을 주는 요인이다. 특히 보유비율을 지속적으로 늘리거나 줄일 경우, 해당종목 투자시 유의할 필요가 있다.  다음은 피에스엠씨의 지분 변동 내역과 보유 내역이다."
매일경제,024850,/news/news_read.nhn?article_id=0004204419&office_id=009&mode=search&query=피에스엠씨&page=1,2018-08-21 09:01,"이에스브이, 피에스엠씨 지분 40만주 추가 취득","이에스브이가 피에스엠씨의 지분을 추가로 취득했다. 이에스브이는 전날 장내 거래를 통해 피에스엠씨 주식 40만주를 추가로 취득했다고 공시했다. 이에 따라 지분은 17.07%에서 18.11%로 늘어났다. 이에스브이는 지난 16일 15%, 17일 17.07%, 20일 18.11%로 지분을 지속적으로 늘리며 에프앤티 외 특수관계인 2인(지분 14.07%)과 격차를 벌리고 있다. 이를 바탕으로 이에스브이는 피에스엠씨 임시주주총회에서 경영권 확보에 집중할 방침이다. 앞서 피에스엠씨는 이에스브이의 요청에 따라 내달 21일 임시주주총회를 개최한다고 공시했다. 이에스브이는 이번 임시주총에서 ▲진종필, 최현준, 정재근 등 3인에 대한 사내이사 선임 ▲김성태, 여현동 등 2인에 대한 사외이사 선임 ▲정관변경의 안 등을 다룰 예정이다. 이에스브이 관계자는 ""이번 추가 지분 확보로 최대주주 자리를 더욱 공고히 하게 됐다""며 ""다가올 임시주주총회에서 피에스엠씨의 미래 성장을 위해 필요한 중요사항들을 집중적으로 논의할 것""이라고 말했다. [디지털뉴스국 김경택 기자] r_start // r_end //"
파이낸셜뉴스,024850,/news/news_read.nhn?article_id=0004079682&office_id=014&mode=search&query=피에스엠씨&page=1,2018-08-22 15:38,"[fnRASSI]오늘의 상한가, 피에스엠씨 30% &uarr;","22일 피에스엠씨(024850), 이라이콤(041520), 모트렉스(118990)등이 상한가를 기록했다. 특히 피에스엠씨는 전 거래일 대비 30% 오른 1,820원에 거래를 마감하며 높은 관심을 받았다. 이외에 모트렉스는 상한가까지 올랐으나, 전일보다 오히려 하락한 6,860원에 거래를 마감했다. 'fnRASSI'는 증권전문 기업 씽크풀과 파이낸셜뉴스의 협업으로 로봇기자가 실시간으로 생산하는 기사입니다."
머니투데이,024850,/news/news_read.nhn?article_id=0003983064&office_id=008&mode=search&query=피에스엠씨&page=1,2017-12-22 13:36,"피에스엠씨, 종속회사에 93.6억원 규모 담보제공",[머니투데이 안재용 기자] 피에스엠씨 는 종속회사 풍산에 93억6337만원 규모 담보제공을 결정했다고 22일 공시했다.
파이낸셜뉴스,024850,/news/news_read.nhn?article_id=0003929587&office_id=014&mode=search&query=피에스엠씨&page=1,2017-12-22 13:58,"[공시] 피에스엠씨, 종속회사 풍산에 94억원 담보 제공 결정",코스닥 상장기업 피에스엠씨는 종속회사 풍산에 약 93억6300만원 규모의 담보 제공을 결정했다고 22일 공시했다. 담보 제공기간은 2018년 12월 30일까지다.
파이낸셜뉴스,024850,/news/news_read.nhn?article_id=0004079684&office_id=014&mode=search&query=피에스엠씨&page=1,2018-08-22 15:38,"[fnRASSI]장마감, 코스닥 상승 종목(피에스엠씨 30%&uarr;)","22일 코스닥 시장은 상승 572개, 하락 583개, 보합 86개로 마감했다. 상승한 종목으로 피에스엠씨(024850) 30%, 이라이콤(041520) 29.98%, 모트렉스(118990) 29.92% 등이 있다. 'fnRASSI'는 증권전문 기업 씽크풀과 파이낸셜뉴스의 협업으로 로봇기자가 실시간으로 생산하는 기사입니다."
파이낸셜뉴스,024850,/news/news_read.nhn?article_id=0004079675&office_id=014&mode=search&query=피에스엠씨&page=1,2018-08-22 15:33,"[fnRASSI]피에스엠씨,다나와 등 10종목 52주 신고가 경신","22일 피에스엠씨(024850), 다나와(119860), 무림P&P(009580), 코나아이(052400), JYP Ent.(035900), 코엔텍(029960)등이 장중 52주 신고가를 경신했다. 특히 피에스엠씨는 전 거래일 대비 30% 오른 1,820원에 거래를 마감하며 높은 관심을 받았다. 이외에 에이치엠씨3호스는 2450원까지 올라 신고가를 경신했으나, 전일보다 오히려 하락한 2,340원에 거래를 마감했다. 'fnRASSI'는 증권전문 기업 씽크풀과 파이낸셜뉴스의 협업으로 로봇기자가 실시간으로 생산하는 기사입니다."
뉴시스,024850,/news/news_read.nhn?article_id=0008270530&office_id=003&mode=search&query=피에스엠씨&page=1,2017-11-06 17:28,피에스엠씨 &quot;주가급등 관련 중요정보 없어&quot;,"【서울=뉴시스】정옥주 기자 = 6일 피에스엠씨(024850)는 최근의 현저한 시황변동(주가급등)과 관련, 한국거레소의 조회공시 요구에 대해 ""주가 및 거래량에 대한 영향을 신중히 검토했으나 별도로 공시할 중요한 정보가 없다""고 답변했다. 회사 측은 ""다음달 8일 임시주주총회 결과 공시할 예정""이라며 ""임시주주총회 세부결의사항에 대해 주주제안이 있을 수 있으며, 세부 결의사항이 미확정 중인 바 확정시 해당사항을 공시할 예정""이라고 말했다."
머니투데이,024850,/news/news_read.nhn?article_id=0003980765&office_id=008&mode=search&query=피에스엠씨&page=1,2017-12-19 09:35,"이에스브이, 피에스엠씨 지분 추가 취득 &quot;경영 참여 적극 나선다&quot;","[머니투데이 김건우 기자] 이에스브이가 피에스엠씨 의 주식 15만8500주를 추가 취득해 총 지분 12.0%(464만 7541주)를 확보했다고 19일 공시했다. 기존에 피에스엠씨의 지분 3.77%를 보유하고 있던 이에스브이 는 지난 달 총 11.59%(448만9041)를 추가로 확보해 주요주주로 올라선 바 있다. 여기에 이에스브이는 0.41%를 더 확보하여 피에스엠씨의 총 주식의 12%를 보유하게 됐다. 이에스브이 지난 18일 주식 대량보유상황보고서를 통해 피에스엠씨의 지분 보유목적을 단순투자목적에서 경영참가목적으로 변경했다. 이에스브이 관계자는 “피에스엠씨의 주식이 저평가되고 기존 사업에 대한 전망 또한 밝지 못해, 주주의 권익을 강화하고 주식가치제고를 통해 회사 가치 증대를 높이겠다""고 말했다. 이어 ""두 회사에 시너지가 될 만한 신사업을 제안하고, 영업을 활성화시키기 위해 임시주총을 개최하는 등 주요주주 자격으로 적극적인 경영참여를 하게 될 것”이라며 ""기존 주력사업인 리드프레임도 대체 기술이 등장해 사업 전망이 밝지 않다""고 덧붙였다."
이데일리,024850,/news/news_read.nhn?article_id=0003995060&office_id=018&mode=search&query=피에스엠씨&page=1,2017-12-19 09:50,"이에스브이, 피에스엠씨 지분 추가 취득&hellip;12% 확보",- 신사업 제안 및 주식가치제고 통해 적극적 경영 - 주주 권익 강화 및 주식가치제고 통해 회사 가치 증대 - 시너지 효과 낼 신사업 제안 [이데일리 박형수 기자] 이에스브이가 피에스엠씨 주식 15만8500주를 추가 취득했다. 이에스브이는 피에스엠씨 지분 12%(464만7541주)를 확보했다고 19일 공시했다. 앞서 이에스브이는 지난 18일 피에스엠씨의 지분 보유목적을 단순 투자목적에서 경영참가 목적으로 변경하고 경영참여를 선언했다. 이에스브이 관계자는 “피에스엠씨 주식이 저평가되고 기존 사업에 대한 전망 또한 밝지 못하다”며 “주주 권익을 강화하고 주식가치제고를 통해 회사 가치를 높여갈 것”이라고 설명했다. 이어 “시너지 효과를 낼만한 신사업을 제안하고 영업을 활성화시키기 위해 임시주총을 개최한다”며 “주요주주 자격으로 적극적으로 경영에 참여할 것”이라고 설명했다. 피에스엠씨의 주가는 올해 들어 큰 폭으로 하락했다. 주력 사업인 LED 패키지를 전자회로 기판에 고정하는 부품(리드프레임)에 대한 대체 기술이 등장하면서 경쟁이 치열해졌다.
전자신문,024850,/news/news_read.nhn?article_id=0002735705&office_id=030&mode=search&query=피에스엠씨&page=1,2018-08-23 17:21,[ET투자뉴스][피에스엠씨 지분 변동] 유한회사에프앤티 외 3명 5.37%p 증가...,"피에스엠씨(024850)는 23일 주요주주 유한회사에프앤티를  비롯한 특별관계자의 보유주식이 증가되었다고 발표했다. 이는 직전 보고일보다 2,077,553주 증가하여 지분율은 19.44%로 상승했다. 이번 보고 사유는 장내매매및공동보유체결로인한보유주식수변동으로  알려졌다.   최대주주와 특수관계자의 지분 변동은 주가에 영향을 주는 요인이다. 특히 보유비율을 지속적으로 늘리거나 줄일 경우, 해당종목 투자시 유의할 필요가 있다.  다음은 피에스엠씨의 지분 변동 내역과 보유 내역이다."
파이낸셜뉴스,024850,/news/news_read.nhn?article_id=0003927047&office_id=014&mode=search&query=피에스엠씨&page=1,2017-12-19 09:55,"이에스브이, 피에스엠씨 지분 추가 취득, 총 12% 확보","이에스브이가 피에스엠씨의 지분율을 12%까지 늘렸다. 이에스브이는 피에스엠씨 주식 15만8500주를 추가로 취득해 총 12%(464만 7541주)를 확보했다고 19일 공시했다. 종전에 3.77%를 보유하고 있던 이에스브이는 지난달 총 11.59%로 확대해 주요 주주로 올라선 바 있다. 앞서 이에스브이 지난 18일 공시를 통해 피에스엠씨의 지분 보유목적을 단순투자에서 경영참가로 변경하고 경영참여를 선언했다. 이에스브이 관계자는 ""피에스엠씨의 주식이 저평가되고 기존 사업에 대한 전망 또한 밝지 못하다""며 ""주주 권익을 강화하고 주식가치도 제고해 나가겠다""고 말했다. 이어 ""시너지가 될 만한 신사업을 제안하고, 영업 활성화를 위해 임시주총을 개최하는 등 주요 주주 자격으로 적극 경영에 참여할 것""이라고 덧붙였다. 한편 피에스엠씨는 흑자임에도 긍정적인 평가를 받지 못하고 있다. 주력사업인 리드프레임(LED 패키지를 전자회로 기판에 고정시키는 부품)도 대체기술의 등장으로 전망이 밝지 만은 않다."
머니투데이,024850,/news/news_read.nhn?article_id=0003959682&office_id=008&mode=search&query=피에스엠씨&page=1,2017-11-06 17:19,피에스엠씨 &quot;임시주총 결의사항 확정시 공시 예정&quot;,"[머니투데이 배영윤 기자] 피에스엠씨는 최근 주가급등과 관련한 한국거래소의 조회공시 요구에 ""12월8일 임시주총 결과를 공시할 예정이며 주총 세부결의사항은 현재 미확정""이라며 ""확정시 해당사항을 공시할 예정이며 이 외에 별도 공시할 중요한 정보가 없다""고 6일 답변했다."
파이낸셜뉴스,024850,/news/news_read.nhn?article_id=0004080421&office_id=014&mode=search&query=피에스엠씨&page=1,2018-08-23 15:39,"[fnRASSI]장마감, 코스닥 하락 종목(피에스엠씨 -18.41%&darr;)","23일 코스닥 시장에서 하락한 종목으로 피에스엠씨(024850) -18.41%, 에이피티씨(089970) -14.29%, 중앙리빙테크(051980) -7.5% 등이 있다. 'fnRASSI'는 증권전문 기업 씽크풀과 파이낸셜뉴스의 협업으로 로봇기자가 실시간으로 생산하는 기사입니다."
한국경제,024850,/news/news_read.nhn?article_id=0003999970&office_id=015&mode=search&query=피에스엠씨&page=1,2018-08-23 13:13,[마켓인사이트]피에스엠씨 지분율 확대하는 이에스브이,"≪이 기사는 08월23일(10:12) 자본시장의 혜안 ‘마켓인사이트’에 게재된 기사입니다≫ 코스닥 상장사 이에스브이가 반도체 부품업체 피에스엠씨 지분율을 늘렸다. 23일 금융투자업계에 따르면 이에스브이는 전날 시간외 대량매매(블록딜)를 통해 피에스엠씨 주식 276만1178주를 약 49억원에 취득했다. 취득 후 소유 주식 수는 1017만3711주, 지분율은 26.27%다. 이에스브이 관계자는 ""경영참여 등을 위한 의결권을 확보하기 위해 지분을 늘렸다""고 설명했다. 이에스브이는 지난 16일 피에스엠씨 주식 581만2533주(지분율 15%)를 사들이며 최대주주로 올라섰다. 이후 지속적으로 주식을 장내에서 사들이며 지분율을 확대하고 있다. 김병근 기자"
서울경제,024850,/news/news_read.nhn?article_id=0003377668&office_id=011&mode=search&query=피에스엠씨&page=1,2018-08-23 10:53,"이에스브이, 피에스엠씨 주식 49억원어치 취득","[서울경제] 이에스브이(223310) 는 피에스엠씨(024850) 의 주식 276만1,178주를 장내매수와 시간외 대량매매를 통해 49억원에 취득하기로 했다고 23일 공시했다."
아시아경제,024850,/news/news_read.nhn?article_id=0004142785&office_id=277&mode=search&query=피에스엠씨&page=1,2017-12-19 10:12,"이에스브이, 피에스엠씨 지분추가 취득&hellip;12% 확보","신사업 제안 및 주식가치제고 통해 적극적 경영 참여 나설 것 [아시아경제 박미주 기자] 이에스브이가 피에스엠씨 지분을 15만8500주 추가 취득하면서 총 지분 12%(464만7541주)를 확보했다고 19일 밝혔다. 기존 피에스엠씨 지분 3.77%를 보유하고 있던 이에스브이는 지난달 총 11.59%(보유 주식 수 448만9041주)를 추가로 확보하며 주요주주로 올라섰다. 여기에 0.41%를 더 확보, 피에스엠씨의 총 주식의 12%를 보유하게 됐다. 전날에는 주식등의 대량보유상황보고서 공시를 통해 피에스엠씨의 지분 보유목적을 단순투자목적에서 경영참가목적으로 변경하고 경영참여를 선언했다. 이에스브이 관계자는 “피에스엠씨의 주식이 저평가되고 기존 사업에 대한 전망 또한 밝지 못해 주주의 권익을 강화하고 주식가치 제고를 통해 회사 가치 증대를 높여갈 것”이라며 “양사에 시너지가 될 만한 신사업을 제안하고 영업을 활성화시키기 위해 임시주총을 개최하는 등 주요주주 자격으로 적극적인 경영참여를 하게 될 것”이라고 설명했다."
아시아경제,024850,/news/news_read.nhn?article_id=0004142039&office_id=277&mode=search&query=피에스엠씨&page=1,2017-12-18 10:07,"이에스브이, 피에스엠씨 &lsquo;경영참가목적&rsquo; 변경",[아시아경제 박미주 기자] 이에스브이가 피에스엠씨의 보유 목적을 ‘단순 투자 목적’에서 ‘경영 참가 목적’으로 변경했다고 18일 공시했다. 앞서 이에스브이는 지난달 피에스엠씨 지분 11.59%를 확보해 단일 최대주주로 등극했다.
뉴시스,024850,/news/news_read.nhn?article_id=0008769676&office_id=003&mode=search&query=피에스엠씨&page=1,2018-08-23 09:48,"이에스브이, 피에스엠씨 주식 276만주 취득",【서울=뉴시스】 김정호 기자 = 시스템 소프트웨어를 개발하는 코스닥사 이에스브이(223310)는 경영참여 목적으로 피에스엠씨의 주식 276만1178주를 취득하기로 결정했다고 23일 공시했다. 취득금액은 48억9800만원으로 지난해 연결재무 기준 자기자본의 11.98% 규모다. 취득 후 지분은 26.27%다.
아시아경제,024850,/news/news_read.nhn?article_id=0004300815&office_id=277&mode=search&query=피에스엠씨&page=1,2018-08-23 09:37,[공시+]이에스브이 &quot;피에스엠씨 지분 추가 매수&hellip;지분 31.24% 확보&quot;,"[아시아경제 유현석 기자] 이에스브이는 피에스엠씨의 지분을 추가로 확보했다고 23일 밝혔다. 이날 이에스브이는 장내 거래를 통해 피에스엠씨 지분을 26.27%에서 31.24%로 늘렸다고 공시했다. 이에스브이는 지난 16일 15%, 17일 17.07%, 20일 18.11%, 21일 19.14%, 22일 26,27%로 지분을 지속적으로 늘리며 에프앤티 외 특수관계인 2인의 지분율(지분 14.07%)과 격차를 벌렸다. 피에스엠씨와의 적대적 인수·합병(M&amp;A) 구도 속에서 유리한 위치를 선점한 이에스브이는 피에스엠씨 임시주주총회에서 경영권 확보를 통해 M&amp;A 절차를 준비할 것으로 보인다. 앞서 피에스엠씨는 이에스브이의 요청에 따라 내달 21일 임시주주총회를 개최한다고 공시했다. 총 31.24% 지분을 소유하게 된 이에스브이가 피에스엠씨의 지분대비 3분의 2 이상을 취득하게 됨으로써 특별결의 요건을 충족했다. 특별결의는 출석한 주주 의결권의 3분의 2 이상 수와 발행주식총수의 3분의 1 이상 수로서 진행한다. 이에스브이 측은 향후에도 지속적인 지분 확대를 늘려 나갈 계획이다. 이에스브이 관계자는 ""대거 지분 확보로 특별결의 요건을 충족해 사실상 M&amp;A 경쟁에서 결정적 우위를 점했다""며 ""그 동안 4차산업 혁신 기업으로 성장해 온 이에스브이가 피에스엠씨의 최대주주로, 기업의 미래 성장을 도모하고, 더 나아가 신규 사업을 통한 성공적인 비즈니스 모델 발굴에 최선을 다할 것""이라고 말했다."
연합뉴스,024850,/news/news_read.nhn?article_id=0009663826&office_id=001&mode=search&query=피에스엠씨&page=1,2017-11-06 16:54,피에스엠씨 &quot;주가급등 관련 중요정보 없다&quot;,"(서울=연합뉴스) 전명훈 기자 = 피에스엠씨는 최근 주가급등과 관련한 한국거래소의 조회공시 요구에 ""별도로 공시할 중요한 정보가 없다""고 6일 답변했다."
이데일리,024850,/news/news_read.nhn?article_id=0004179482&office_id=018&mode=search&query=피에스엠씨&page=1,2018-08-23 09:36,"이에스브이, 피에스엠씨 지분 추가취득&hellip;31.2% 확보",[이데일리 이후섭 기자] 이에스브이(223310)는 피에스엠씨(024850) 주식 192만6257주를 시간외대량매매로 추가 취득했다고 23일 공시를 통해 밝혔다. 이에스브이의 지분율은 종전 26.27%에서 31.24%로 확대됐다. 이에스브이는 오는 9월 21일 열릴 피에스엠씨 임시주주총회에서 경영권을 확보한 후 인수합병(M&A) 절차를 준비할 계획이다. 회사 관계자는 “지분 31.24%를 확보해 피에스엠씨의 지분에 비해 3분의 2 이상을 취득하게 됨으로써 특별결의 요건을 충족해 경영권 확보에 큰 어려움이 없을 것으로 보인다”며 “향후에도 지속적으로 지분을 늘려나갈 계획”이라고 설명했다. 특별결의는 출석한 의결권의 3분의 2 이상 혹은 발행주식 총수의 3분의 1 이상이 찬성해야 통과된다.
서울경제,024850,/news/news_read.nhn?article_id=0003377556&office_id=011&mode=search&query=피에스엠씨&page=1,2018-08-23 09:33,"이에스브이, 피에스엠씨 적대적 M&amp;A 사실상 승리","피에스엠씨 총 지분 31.24% 확보 [서울경제] 이에스브이(223310) 가 피에스엠씨(024850) 의 지분을 추가로 확보하면서 적대적 기업인수합병(M&A) 경쟁에서 사실상 승리했다. 23일 금융감독원 전자공시시스템에 따르면 이에스브이는 장내 거래를 통해 피에스엠씨 지분을 26.27%에서 31.24%로 대폭 늘렸다. 이에 따라 피에스엠씨의 경영권 확보를 위해 지분 경쟁을 벌이고 있는 ‘에프앤티 외 특수관계인 2인’(14.07%)과의 격차는 더욱 커졌다. 이에스브이는 피에스엠씨와의 적대적 M&A 구도 속에서 유리한 위치를 선점하며 다음달 21일 개최되는 피에스엠씨 임시주주총회에서 경영권을 확보하고 M&A 절차를 준비할 것으로 보인다. 이에스브이 관계자는 “대거 지분 확보로 특별결의 요건을 충족해 사실상 M&A 경쟁에서 결정적 우위를 점했다”며 “그동안 4차산업 혁신 기업으로 성장해 온 이에스브이가 피에스엠씨의 최대주주로, 기업의 미래 성장을 도모하고, 더 나아가 신규 사업을 통한 성공적인 비즈니스 모델 발굴에 최선을 다할 것”이라고 말했다."
전자신문,024850,/news/news_read.nhn?article_id=0002735400&office_id=030&mode=search&query=피에스엠씨&page=1,2018-08-23 09:18,"[ET투자뉴스][피에스엠씨 지분 변동] (주)이에스브이31.24%p 증가, 31....","피에스엠씨(024850)는 23일 최대주주 (주)이에스브이의 보유주식이 증가되었다고 발표했다. 이는 직전 보고일보다 1,926,257주 증가하여 지분율은 31.24%로 상승했다. 이번 보고 사유는 시간외대량매매로인한보유주식수변동으로  알려졌다.   최대주주와 특수관계자의 지분 변동은 주가에 영향을 주는 요인이다. 특히 보유비율을 지속적으로 늘리거나 줄일 경우, 해당종목 투자시 유의할 필요가 있다.  다음은 피에스엠씨의 지분 변동 내역과 보유 내역이다."
전자신문,024850,/news/news_read.nhn?article_id=0002734961&office_id=030&mode=search&query=피에스엠씨&page=1,2018-08-21 16:00,"[ET투자뉴스][피에스엠씨 지분 변동] (주)이에스브이19.14%p 증가, 19....","피에스엠씨(024850)는 21일 주요주주 (주)이에스브이의 보유주식이 증가되었다고 발표했다. 이는 직전 보고일보다 400,000주 증가하여 지분율은 19.14%로 상승했다. 이번 보고 사유는 장내매매로인한보유주식수변동으로  알려졌다.   최대주주와 특수관계자의 지분 변동은 주가에 영향을 주는 요인이다. 특히 보유비율을 지속적으로 늘리거나 줄일 경우, 해당종목 투자시 유의할 필요가 있다.  다음은 피에스엠씨의 지분 변동 내역과 보유 내역이다."
연합뉴스,024850,/news/news_read.nhn?article_id=0008069269&office_id=001&mode=search&query=피에스엠씨&page=1,2015-12-22 13:40,"피에스엠씨 노조 &quot;사측의 공장 이전, 청산이 목적&quot;","&lt;연합뉴스DB&gt;  (부산=연합뉴스) 김선호 기자 = 반도체 부품 제조업체인 피에스엠씨(PSMC·옛 풍산마이크로텍)가 최근 공장 이전계획을 밝힌 가운데 노조는 사실상의 회사 청산이라며 반발하고 있다. PSMC는 지난달 27일 현재 부산 해운대구 반여동에 있는 공장을 경기도 화성으로 이전한다고 공시했다. PSMC는 시장 접근성을 향상해 경쟁력을 강화하고 사업 지속성을 확보하기 위해서라고 공장 이전 이유를 밝혔다. 이에 대해 PSMC 금속노조 지회는 ""사측은 공장 이전이나 재건보다 직원 수 줄이기에 나서고 있다""며 ""공장 청산에 가깝다""고 비판했다. 노조는 특히 사측이 지난 2월 화재가 발생한 도금공장을 복구하겠다고 약속해놓고 현재까지 아무런 조처를 하지 않아 거래처가 많이 끊긴 상태라고 말했다. 문영섭 PSMC 금속노조 지회장은 ""사측은 공장을 이전하더라도 거래소에 법인 상장을 유지할 수 있는 최소한의 생산라인만 가동할 가능성이 크다""며 ""사측이 부산 공장을 철수하면 직원 대부분은 일자리를 잃게 될 것""이라고 말했다. PSMC 사측은 앞서 지난 8월에 이어 이번 달 3일부터 18일까지 전 직원을 대상으로 희망퇴직 신청을 받았다. 모두 74명이 희망퇴직을 신청했다. 이에 대해 PSMC 측은 2000년 초반부터 쌓인 적자가 500억원이 넘는 바람에 경영난이 심각해 인원을 감축했고 공장 이전은 공시한 대로 추진한다는 입장이다. 2011년 풍산그룹으로부터 지분을 매입한 PSMC는 이후 경영난을 이유로 58명을 정리해고했다. 해고노동자들은 3년 만에 복직했지만 지난 2월 말 도금공장에 화재가 발생한 뒤 수주 물량이 갈수록 감소해 순환 휴직을 해왔다. 이들은 아직 밀린 임금도 받지 못하고 있다. 정리해고 전 200명을 넘었던 생산직 근로자는 현재 80명 정도밖에 남지 않은 상태다. 부산시는 PSMC 부지를 포함한 해운대구 반여동 일대 195만5천㎡에 도시첨단산업단지를 조성할 계획이다."
한국경제,024850,/news/news_read.nhn?article_id=0003548071&office_id=015&mode=search&query=피에스엠씨&page=1,2016-02-18 07:22,"피에스엠씨, 회계처리 위반 혐의로 검찰 기소","[ 한민수 기자  ] 피에스엠씨는 외부감사에 관한 법률 위반 혐의로 회사와 전현직 임원이 검찰에 기소됐다고 18일 공시했다. 회사는 변호인을 통해 대응할 예정이다. 피에스엠씨 측은 ""이번 회계처리 위반 혐의 사항은 2012년 3분기 재무제표에 반영된 사항으로 현재 재무 상황에는 영향이 없다""고 설명했다. 한국거래소는 이날 오전 9시30분까지 피에스엠씨의 거래를 정지했다. 한민수 한경닷컴 기자"
아시아경제,024850,/news/news_read.nhn?article_id=0004296796&office_id=277&mode=search&query=피에스엠씨&page=1,2018-08-16 16:28,"피에스엠씨, 경영권분쟁 피소","[아시아경제 문채석 기자]피에스엠씨는 이에스브이가 주주명부열람 및 등사 등 가처분소송을 지난 13일 제기했단 사실을 확인했다고 16일 공시했다. 이에스브이는 ""채무자 피에스엠씨가 주주명부열람 및 등사 등 의무를 지키지 않으면 이행 완료일까지 하루에 2000만원씩 이에스브이에 지급하라""고 말했다. 관할법원은 수원지방법원이다."
한국경제,024850,/news/news_read.nhn?article_id=0003996618&office_id=015&mode=search&query=피에스엠씨&page=1,2018-08-16 18:36,"피에스엠씨, 최대주주 변경","[ 송종현 기자  ] 코스닥 상장 반도체 장비 기업 피에스엠씨의 최대주주가 유한회사 에프앤티 외 2인에서 이에스브이로 16일 변경됐다. 피에스엠씨 최대주주가 된 이에스브이는 전자제품 및 부품을 개발, 제조, 판매하는 기업이다. 이 회사 최대주주는 바이오기업 코디엠이다."
한국경제,024850,/news/news_read.nhn?article_id=0003940783&office_id=015&mode=search&query=피에스엠씨&page=1,2018-05-17 09:22,"[피에스엠씨] 5% 이상 상승, 전형적인 상승세, 단기&middot;중기 이평선 정배열","피에스엠씨가 장 초반 부터 전일 대비 +5%이상 상승하고 있다. 17일 오전 09시 17분 피에스엠씨는 전 거래일보다 5.37% 오른 883원에 거래되고 있다. 주가의 흐름을 살펴보면 849원으로 개장해서 장중 한때 838원(0%)까지 살짝 밀렸지만, 다시 큰 폭으로 올라서 현재 883원(+5.37%)까지 상승하고 있다. ◆ 차트 분석 - 전형적인 상승세, 단기·중기 이평선 정배열 차트상 주가의 흐름은 현재 단기·중기 이평선이 정배열 상태로 전형적인 상승세를 보이고 있다. 최근 이 종목의 차트에서 최근 5일 매물대 돌파 등의 특이사항이 발생했다. [표]피에스엠씨 차트 분석 ◆ 주체별 매매동향 - 전일 외국인 대량 순매도 지난 한달을 기준으로 보면 외국인이 26.5만주를 순매수했고, 기관도 225주를 순매수했다. 반면 개인들은 26.6만주를 순매도한 것으로 나타났다. 같은 기간 거래 비중은 개인이 88.3% 로 가장 높고, 외국인은 11.6%로 그 뒤를 이었다. 기관은 거래에 거의 참여하지 않은 것으로 보인다. 더욱이 전일 외국인이 대량 순매도를 하고 있어 투자자들의 관심이 집중되고 있다. [표]피에스엠씨 외국인/기관 매매동향 한경로보뉴스 이 기사는 한국경제신문과 씽크풀이 공동 개발한 기사 자동생성 알고리즘에 의해 실시간으로 작성된 것입니다. ["
이데일리,024850,/news/news_read.nhn?article_id=0003421583&office_id=018&mode=search&query=피에스엠씨&page=1,2015-12-10 15:29,"하우리, 피에스엠씨 지분 5.16%&rarr;0.23%",[이데일리 박기주 기자] 하우리는 피에스엠씨(024850)의 주식 191만2000주를 장내외에서 매도했다고 10일 공시했다. 이에 따라 하우리의 지분율은 5.16%에서 0.23%로 감소했다.
파이낸셜뉴스,024850,/news/news_read.nhn?article_id=0003765372&office_id=014&mode=search&query=피에스엠씨&page=1,2017-01-20 09:17,[fnRASSI]피에스엠씨(024850) 현재 11.79% &uarr;,"현재 피에스엠씨(024850)는 전일대비 11.79% 상승하여 910원 선에서 거래가 이루어지고 있다. 기관투자자 연속 0일 순매도 최근 5일간 동종목의 외국인 투자자는 31,142주 매수하였고 마찬가지로 기관은 13,150주 매수하였다. 전날 외국인 3,694주 매도, 기관13,150주 매수하며 보유 비율이 변동했다. 다음 표는 동종목의 외국인, 기관의 일별 순매수량을 나타낸 것이다. 퀀트 재무분석, 종합점수 2점으로 상승                      지표               항목               값               종합점수                 성장성               매출액증가율               -0.32               0.97                 자기자본증가율               -0.26                 안정성               부채비율               89.26               5.74                 유동비율               157.11                 이익안정성               3.61                 수익성               ROA               -14.89               0.52                 ROE               -28.18                 영업이익율               -22.93          피에스엠씨의 퀀트 재무 점수는 7.23점으로 3개월 이전 6.54점보다 올랐다. 지난 분기에 비해 성장성 점수가 상승했다. 이는 매출액 증가율과 자기자본 증가율이 증가하였기 때문이다. 안정성 종합 점수는 부채비율 감소, 유동비율 증가로 상승했다. 수익성 측면에서 볼때 ROA, ROE, 영업이익률 모두 개선되어 이전보다 좋은 점수를 받았다. 'fnRASSI'는 증권전문 기업 씽크풀과 파이낸셜뉴스의 협업으로 로봇기자가 실시간으로 생산하는 기사입니다."
이데일리,024850,/news/news_read.nhn?article_id=0003390290&office_id=018&mode=search&query=피에스엠씨&page=1,2015-11-10 16:09,"리차드앤컴퍼니, 피에스엠씨 지분 12.19&rarr;4.68%",[이데일리 경계영 기자] 피에스엠씨(024850)는 리차드앤컴퍼니(Richard & Company) 외 특별관계자 1인이 주식 285만5370주(지분 7.51%)를 장내 매도해 보유 지분이 12.19%에서 4.68%로 줄었다고 10일 공시했다.
파이낸셜뉴스,024850,/news/news_read.nhn?article_id=0003796630&office_id=014&mode=search&query=피에스엠씨&page=1,2017-03-31 11:19,[fnRASSI]피에스엠씨 전일대비 13.76% 상승,"현재 피에스엠씨(024850)는 전일대비 13.76% 상승하여 645원 선에서 거래가 이루어지고 있다. 퀀트 재무분석, 종합점수 3점으로 상승                    지표               항목               값               종합점수                 성장성               매출액증가율               -0.38               0.75                 자기자본증가율               -0.26                 안정성               부채비율               89.26               5.74                 유동비율               157.11                 이익안정성               3.61                 수익성               ROA               -8.27               0.78                 ROE               -15.65                 영업이익율               -21.07          피에스엠씨의 퀀트 재무 점수는 7.27점으로 3개월 이전 7.23점보다 올랐다. 지난 분기에 비해 성장성 점수가 하락했다. 이는 매출액 증가율이 감소하였기 때문이다. 수익성 측면에서 볼때 ROA, ROE, 영업이익률 모두 개선되어 이전보다 좋은 점수를 받았다. 외국인, 기관 모두 보유량 증가 (5일 누적) 최근 5일간 동종목의 외국인 투자자는 47,169주 순매수하였고 마찬가지로 기관은 271주 순매수하였다. 전날 두 주체 각각 19,398주, 271주 순매수하며 보유 비율을 늘렸다. 다음 표는 동종목의 외국인, 기관의 일별 순매수량을 나타낸 것이다. 'fnRASSI'는 증권전문 기업 씽크풀과 파이낸셜뉴스의 협업으로 로봇기자가 실시간으로 생산하는 기사입니다."
연합뉴스,024850,/news/news_read.nhn?article_id=0010274603&office_id=001&mode=search&query=피에스엠씨&page=1,2018-08-16 18:29,피에스엠씨 최대주주 이에스브이로 변경&hellip;지분율 15%,(서울=연합뉴스) 전명훈 기자 = 피에스엠씨는 최대주주가 '유한회사 에프앤티 외 2'에서 '이에스브이'로 변경됐다고 16일 공시했다. 회사 측은 장내매수로 최대주주가 변경됐다고 밝혔다. 이에스브이가 보유한 주식 수는 581만2천533주로 지분율은 15.00%다.
머니투데이,024850,/news/news_read.nhn?article_id=0003605457&office_id=008&mode=search&query=피에스엠씨&page=1,2015-12-30 16:50,"피에스엠씨, 종속회사에 93억 규모 담보제공 결정",[머니투데이 박신엽 기자] 피에스엠씨는 종속회사인 피에스엠씨 필리핀 법인에 약 93억6300만원 규모의 담보를 제공키로 결정했다고 30일 공시했다. 이는 피에스엠씨의 자기자본 대비 26.98%에 해당한다. 채권자는 (주)풍산이며 담보제공재산은 피에스엠씨 필리핀 법인의 주권이다. textlinktopstart textlinktopend textlinkstart
이데일리,024850,/news/news_read.nhn?article_id=0003421577&office_id=018&mode=search&query=피에스엠씨&page=1,2015-12-10 15:25,"피에스엠씨 주주 김희천씨, 보유지분 전량 매도","[이데일리 박기주 기자] 피에스엠씨(024850) 주주 김희천씨는 자신이 보유하고 있던 피에스엠씨 지분(5.20%, 201만6000주) 전량을 장내매도했다고 10일 공시했다."
이데일리,024850,/news/news_read.nhn?article_id=0003390394&office_id=018&mode=search&query=피에스엠씨&page=1,2015-11-10 17:11,"리차드앤컴퍼니, 피에스엠씨 투자목적 경영 참여&rarr;단순 투자",[이데일리 경계영 기자] 피에스엠씨(024850)는 지분 4.68%를 보유한 리차드앤컴퍼니(Richard & Company)가 투자 목적을 경영 참여에서 단순투자로 바꿨다고 10일 공시했다.
이데일리,024850,/news/news_read.nhn?article_id=0004173920&office_id=018&mode=search&query=피에스엠씨&page=1,2018-08-16 18:09,"피에스엠씨, 최대주주가 이에스브이로 변경",[이데일리 오희나 기자] 피에스엠씨(024850)는 최대주주가 에프앤티외2인에서 이에스브이(223310)로 변경됐다고 16일 공시했다. 변경후 소유지분율은 15% 수준이다. 회사측은 “장내매수로 인한 최대주주 변경”이라고 설명했다.
파이낸셜뉴스,024850,/news/news_read.nhn?article_id=0003746916&office_id=014&mode=search&query=피에스엠씨&page=1,2016-12-12 12:22,[fnRASSI]피에스엠씨 전일대비 6.21% 상승,"피에스엠씨(024850)는 현재 주가가 전일 대비 6.21% 상승한 753원 선에서 거래가 이루어지고 있다.  개인,외국인만 거래 참여최근 한달간 주체별 거래비중을 살펴보면 개인이 92.45%, 외국인이 7.54%를 보였고, 기관은 거래참여가 없었다. 그리고 최근 5일간 거래비중은 개인 비중이 92.64%로 가장 높았고, 외국인이 7.35%로 그 뒤를 이었다. 기관은 거래에 참여하지 않은 것으로 보인다.  퀀트 재무분석, 종합점수 2점으로 상승  
 





 




       지표 
     


       항목 
     


       값 
     


       종합점수 
     




       성장성 
     


       매출액증가율 
     


       -0.32 
     


       0.96 
     




       자기자본증가율 
     


       -0.26 
     




       안정성 
     


       부채비율 
     


       89.26 
     


       5.74 
     




       유동비율 
     


       157.11 
     




       이익안정성 
     


       3.61 
     




       수익성 
     


       ROA 
     


       -14.89 
     


       0.52 
     




       ROE 
     


       -28.18 
     




       영업이익율 
     


       -22.93 
     


 피에스엠씨의 퀀트 재무 점수는 7.22점으로 3개월 이전 7.08점보다 올랐다. 지난 분기에 비해 성장성 점수가 상승했다. 이는 매출액 증가율이 증가하였기 때문이다. 안정성 종합 점수는 부채비율 감소, 유동비율 증가로 상승했다. 수익성 측면에서 볼때 ROA, ROE, 영업이익률 모두 개선되어 이전보다 좋은 점수를 받았다.  'fnRASSI'는 증권전문 기업 씽크풀과 파이낸셜뉴스의 협업으로 로봇기자가 실시간으로 생산하는 기사입니다."
이데일리,024850,/news/news_read.nhn?article_id=0004173742&office_id=018&mode=search&query=피에스엠씨&page=1,2018-08-16 16:49,"피에스엠씨, 이에스브이가 주주명부열람 가처분소송 제기",[이데일리 오희나 기자] 피에스엠씨(024850)는 이에스브이가 주주명부열람 및 등사 등 가처분소송을 지난 13일 제기했다고 16일 공시했다. 회사측은 “소송대리인을 통하여 법적인 절차에 따라 적극 대응할 예정”이라고 밝혔다.
머니투데이,024850,/news/news_read.nhn?article_id=0003626635&office_id=008&mode=search&query=피에스엠씨&page=1,2016-02-05 16:38,"피에스엠씨, 지난해 영업손실 88억&hellip;적자지속","[머니투데이 황보람 기자] 피에스엠씨는 지난해 영업손실이 87억9847만원으로 적자가 지속됐다고 5일 공시했다. 회사 측은 ""도금공장 화재 및 경기불황으로 매출이 감소했다""고 밝혔다. textlinktopstart textlinktopend textlinkstart"
아시아경제,024850,/news/news_read.nhn?article_id=0003621122&office_id=277&mode=search&query=피에스엠씨&page=1,2015-11-09 10:35,"리차드앤컴퍼니, 피에스엠씨 상대 임시주총 소집허가 신청 취하",[아시아경제 정준영 기자] 피에스엠씨는 리차드앤컴퍼니가 회사를 상대로 부산지법 동부지원에 낸 임시주주총회 소집허가 신청을 취하했다고 9일 공시했다.
파이낸셜뉴스,024850,/news/news_read.nhn?article_id=0003798933&office_id=014&mode=search&query=피에스엠씨&page=1,2017-04-05 10:26,[fnRASSI]피에스엠씨(024850) 현재 +5.4%,"피에스엠씨(024850)는 현재 주가가 전일 대비 5.4% 상승한 625원 선에서 거래가 이루어지고 있다. 상장주식수 대비 거래량은 1.57%로 적정수준 최근 한달간 피에스엠씨의 상장주식수 대비 거래량을 비교해보니 일별 매매회전율이 1.57%로 집계됐다. 그리고 동기간 장중 저점과 고점의 차이인 일평균 주가변동률을 6.74%를 나타내고 있다. 외국인 보유량 감소, 기관 증가 (5일 누적) 최근 5일간 동종목의 외국인 투자자는 137,854주 순매도하였고 반면 기관은 1주 순매수하였다. 전날 외국인 83,377주 순매도, 기관1주 순매수하며 보유 비율이 변동했다. 다음 표는 동종목의 외국인, 기관의 일별 순매수량을 나타낸 것이다. 'fnRASSI'는 증권전문 기업 씽크풀과 파이낸셜뉴스의 협업으로 로봇기자가 실시간으로 생산하는 기사입니다."
머니투데이,024850,/news/news_read.nhn?article_id=0004092431&office_id=008&mode=search&query=피에스엠씨&page=1,2018-08-16 16:34,"피에스엠씨, 주주명부열람&middot;등사 등 가처분 소송 피소",[머니투데이 진경진 기자] 피에스엠씨는 이에스브이가 지난 13일 주주명부열람 및 등사 등 가처분소송을 제기했다고 16일 공시했다. 청구 내용은 피에스엠씨가 주주명부열람 및 등사 등 의무를 지키지 않으면 이행 완료일까지 하루에 2000만원씩 이에스브이에 지급하라는 내용이다. 관할법원은 수원지방법원이다.
머니투데이,024850,/news/news_read.nhn?article_id=0003575031&office_id=008&mode=search&query=피에스엠씨&page=1,2015-11-09 10:35,"피에스엠씨 &quot;리차드앤컴퍼니, 임시주총소집허가 관련 소송 취하&quot;",[머니투데이 박상빈 기자] 피에스엠씨는 리차드앤컴퍼니가 임시주주총회 소집허가와 관련 부산지법동부지원에 냈던 소송을 취하했다고 9일 공시했다. textlinktopstart textlinktopend textlinkstart
한국경제,024850,/news/news_read.nhn?article_id=0003472301&office_id=015&mode=search&query=피에스엠씨&page=1,2015-11-09 10:45,"피에스엠씨, 임시주총 소집허가 관련 소송 취하",[ 박희진 기자  ] 피에스엠씨는 리차드앤컴퍼니가 회사를 상대로 제기했던 '임시주주총회 소집허가'와 관련된 소송을 취하했다고 공시했다. 박희진 한경닷컴 기자
아시아경제,024850,/news/news_read.nhn?article_id=0003657235&office_id=277&mode=search&query=피에스엠씨&page=1,2015-12-30 16:56,"피에스엠씨, 종속회사에 93억원 규모 담보제공 결정",[아시아경제 김원규 기자] 피에스엠씨는 종속회사인 피에스엠씨 필리핀 법인에 약 93억6300만원 규모의 담보를 제공하기로 결정했다고 30일 공시했다. 이는 피에스엠씨의 자기자본 대비 26.98%에 해당한다. 채권자는 풍산이며 담보제공재산은 피에스엠씨 필리핀 법인의 주권이다.
이데일리,024850,/news/news_read.nhn?article_id=0004121367&office_id=018&mode=search&query=피에스엠씨&page=1,2018-06-08 15:50,"피에스엠씨 &quot;이에스브이, 의안상정 가처분 소송 기각&quot;","[이데일리 안혜신 기자] 피에스엠씨(024850)는 이에스브이가 수원지방법원에 제기한 의안상정 가처분 소송을 기각했다고 8일 공시했다. 수원지방법원은 또 이에스브이가 별도로 제기한 주주명부 열람 및 등사 가처분 신청에 대해서는 “이 사건 결정을 고지 받은 다음날부터 공휴일을 제외한 날의 영업시간 오전 9시부터 오후 6시까지 내에 채무자의 본점 사무실에 주주명부를 비치하고, 채권자(변호사나 공인회계사 기타 보조자를 동반할 수 있다)에게 주주명부(주주의 성명과 주소, 각 주주가 가진 주식의 수가 포함된 것)를 열람 및 등사(사진촬영 및 컴퓨터디스켓의 복사를 포함한다)하도록 허용해야 한다”고 판결했다. 나머지 신청은 기각했다."
머니투데이,024850,/news/news_read.nhn?article_id=0004078801&office_id=008&mode=search&query=피에스엠씨&page=1,2018-07-16 16:12,"피에스엠씨 &quot;이에스브이가 낸 주총 허가신청, 법원서 인용&quot;","[머니투데이 양성희 기자] 피에스엠씨는 이에스브이가 낸 주주총회 소집 허가 신청과 관련, 수원지법에서 인용 결정을 받았다고 16일 공시했다. 앞서 이에스브이는 △진종필, 최현준, 정재근 등 3인에 대한 사내이사 선임 △김성태, 여현동 등 2인에 대한 사외이사 선임 △정관변경의 안과 관련, 임시주주총회 소집을 허가해달라고 법원에 요청했다. 이에 대해 수원지법은 이날 ""해당 의안을 회의목적으로 하는 임시주주총회 소집을 허가한다""고 결정문을 통해 밝혔다."
뉴시스,024850,/news/news_read.nhn?article_id=0008708364&office_id=003&mode=search&query=피에스엠씨&page=1,2018-07-16 16:38,"피에스엠씨 &quot;수원지방법원, 이에스브이가 신청한 임시주총 소집 허가&quot;","【서울=뉴시스】하종민 기자 = 코스닥 상장 전자부품 제조업체 피에스엠씨(024850)는 수원지방법원으로부터 이에스브이가 신청한 주주총회소집허가 신청이 받아들여졌다고 16일 공시했다. 주주총회 안건은 사내이사 선임, 사외이사 선임, 정관변경의 안이다. 수원지방법원은 ""이 상건 신청은 이유 있으므로 이를 인용하기로 하여 주문과 같이 결정한다""고 밝혔다."
파이낸셜뉴스,024850,/news/news_read.nhn?article_id=0003787097&office_id=014&mode=search&query=피에스엠씨&page=1,2017-03-09 13:45,[fnRASSI]피에스엠씨(024850) 6.01% 상승,"현재 피에스엠씨(024850)는 전일대비 6.01% 상승하여 706원 선에서 거래가 이루어지고 있다. 외국인, 기관 모두 보유량 증가 (5일 누적) 최근 5일간 동종목의 외국인 투자자는 13,735주 매수하였고 마찬가지로 기관은 0주 매수하였다. 전날 외국인은 19,181주 매수했지만 기관은 순매수량이 0으로 보유비율 그대로 유지했다. 다음 표는 동종목의 외국인, 기관의 일별 순매수량을 나타낸 것이다. 외국인과 기관은 순매도, 개인은 순매수(한달누적)  3월6일부터 전일까지 외국인이 3거래일 연속 순매수를 보였다. 4주간을 기준으로 보면 외국인이 매도 우위를 지속하면서 40,723주를 순매도했고, 기관도 매도 관점으로 접근하면서 110,120주를 순매도했지만, 개인은 오히려 150,843주를 순매수했다. 'fnRASSI'는 증권전문 기업 씽크풀과 파이낸셜뉴스의 협업으로 로봇기자가 실시간으로 생산하는 기사입니다."
한국경제,024850,/news/news_read.nhn?article_id=0003941168&office_id=015&mode=search&query=피에스엠씨&page=1,2018-05-17 11:20,"[피에스엠씨] 10% 이상 상승, 거래량 큰 변동 없음. 119.2만주 거래중","17일 오전 11시 17분 현재 피에스엠씨는 전 거래일보다 11.34% 오른 933원에 거래되고 있다. 주가의 흐름을 살펴보면 849원으로 개장해서 장중 한때 838원(0%)까지 살짝 밀렸지만, 다시 큰 폭으로 올라서 현재 933원(+11.34%)까지 상승하고 있다. ◆ 거래량 분석 - 거래량 큰 변동 없음. 119.2만주 거래중 지금까지 거래량은 119.2만주, 전일 거래량의 35% 수준으로 오늘 거래는 큰 움직임 없이 다소 침체된 모습이다. [표]피에스엠씨 거래량 분석 ◆ 기업개요 피에스엠씨는 반도체 리드프레임 및 전자 부품 제조업체로 알려져 있다. 한경로보뉴스 이 기사는 한국경제신문과 씽크풀이 공동 개발한 기사 자동생성 알고리즘에 의해 실시간으로 작성된 것입니다. ["
서울경제,024850,/news/news_read.nhn?article_id=0003368784&office_id=011&mode=search&query=피에스엠씨&page=1,2018-08-10 09:03,"&lt;코&gt;피에스엠씨, 장중 신고가 돌파.. 1,115&rarr;1,285(▲170)","[서울경제] 오전 9시 2분 현재 피에스엠씨(024850) 가 15.25% 오른 1,285원(▲170)을 기록하며, 52주 신고가를 +170원 경신했다. 기존 52주 최고가는 2018년 08월 09일 기록한 1,115원이다. 체결강도는 62%로 강세 반전했다. 총매수체결량은 76,009주, 총매도체결량은 122,829주를 각각 기록했다.  (※ 체결강도(%) = (총매수체결량/총매도체결량)*100) 이 시각 현재 거래대금은 15억16만, 거래량은 117만6,494주를 기록하고 있으며, 수급측면으로는 62(매도):38(매수)의 매도우위를 보이고 있다. 거래일을 기준으로 최근 3일간 평균 거래량은 3백2십6만4천주, 60일 평균 거래량 6십2만6천주로 최근 거래량이 큰 폭으로 증가하는 추세다."
파이낸셜뉴스,024850,/news/news_read.nhn?article_id=0004072878&office_id=014&mode=search&query=피에스엠씨&page=1,2018-08-09 15:35,"[fnRASSI]오늘의 상한가, 피에스엠씨 30% &uarr;","09일 피에스엠씨(024850)등이 상한가를 기록했다. 특히 피에스엠씨는 전 거래일 대비 30% 오른 1,115원에 거래를 마감하며 높은 관심을 받았다. 'fnRASSI'는 증권전문 기업 씽크풀과 파이낸셜뉴스의 협업으로 로봇기자가 실시간으로 생산하는 기사입니다."
서울경제,024850,/news/news_read.nhn?article_id=0003367888&office_id=011&mode=search&query=피에스엠씨&page=1,2018-08-09 09:29,"&lt;코&gt;피에스엠씨, 상한가 진입.. +29.95% &uarr;","[서울경제] 오전 9시 28분 현재 피에스엠씨(024850) 가 +29.95% 오른 1,115원(▲257)으로 장중 상한가에 진입했다. 거래대금은 47억1,559만, 거래량은 455만3,585주를 기록하고 있으며, 수급측면으로는 45(매도):55(매수)의 매수우위를 보이고 있다. 피에스엠씨는 전일 상승(858원, ▲1, +0.12%)한데 이어 이틀 연속 상승세를 이어가고 있다. 지난 1개월간 피에스엠씨는 상승 17회, 하락 11회를 기록했고, 주가수익률은 38.51%였다. 이 기간 ' 반도체업 ' 업종 평균 주가수익률은 2.67%를 기록했다. 현재 ' 반도체업 ' 총 117개 종목 중 상한가 종목은 1개, 상승 종목은 63개로, 일부 종목만이 상승세를 보이고 있다. ( 픽셀플러스(087600) +21.13%, 동진쎄미켐(005290) +4.00%, 네패스(033640) +3.82%)"
뉴시스,024850,/news/news_read.nhn?article_id=0008599656&office_id=003&mode=search&query=피에스엠씨&page=1,2018-05-16 18:28,"이에스브이, 피에스엠씨 주주명부열람 가처분 신청","【서울=뉴시스】이국현 기자 = 피에스엠씨(024850)는 이에스브이가 수원지방법원에 주주명부열람 및 등사 가처분 소송을 제기했다고 16일 공시했다. 회사 측은 ""법률 대리인을 통해 법적인 절차에 따라 적극 대응할 예정""이라고 밝혔다."
이데일리,024850,/news/news_read.nhn?article_id=0004103690&office_id=018&mode=search&query=피에스엠씨&page=1,2018-05-16 18:10,"피에스엠씨, 경영권 분쟁 소송 당해",[이데일리 최정희 기자] 피에스엠씨(024850)는 주식회사 이에스브이로부터 주주명부열람및등사 가처분 소송을 받았다고 16일 밝혔다. 회사는 법률대리인을 통해 법적 절차에 따라 적극 대응할 예정이다.
서울경제,024850,/news/news_read.nhn?article_id=0003367884&office_id=011&mode=search&query=피에스엠씨&page=1,2018-08-09 09:25,"&lt;코&gt;피에스엠씨, 장중 신고가 돌파.. 1,035&rarr;1,060(▲25)","[서울경제] 오전 9시 24분 현재 피에스엠씨(024850) 가 23.54% 오른 1,060원(▲202)을 기록하며, 52주 신고가를 +25원 경신했다. 기존 52주 최고가는 2017년 11월 08일 기록한 1,035원이다. 체결강도는 208%로 강세를 유지했다. 총매수체결량은 1,782,335주, 총매도체결량은 857,030주를 각각 기록했다.  (※ 체결강도(%) = (총매수체결량/총매도체결량)*100) 이 시각 현재 거래대금은 26억5,616만, 거래량은 270만6,223주를 기록하고 있으며, 수급측면으로는 32(매도):68(매수)의 매수우위를 보이고 있다. 거래일을 기준으로 최근 3일간 평균 거래량은 2십1만6천주, 60일 평균 거래량 4십7만4천주로 최근 거래량이 큰 폭으로 감소하는 추세다."
파이낸셜뉴스,024850,/news/news_read.nhn?article_id=0003759180&office_id=014&mode=search&query=피에스엠씨&page=1,2017-01-06 15:22,[fnRASSI]피에스엠씨(024850) 5.13% 상승,"피에스엠씨(024850)는 현재 주가가 전일 대비 5.13% 상승한 840원 선에서 거래가 이루어지고 있다.  퀀트 재무분석, 종합점수 2점으로 상승  
 





 




       지표 
     


       항목 
     


       값 
     


       종합점수 
     




       성장성 
     


       매출액증가율 
     


       -0.32 
     


       0.97 
     




       자기자본증가율 
     


       -0.26 
     




       안정성 
     


       부채비율 
     


       89.26 
     


       5.74 
     




       유동비율 
     


       157.11 
     




       이익안정성 
     


       3.61 
     




       수익성 
     


       ROA 
     


       -14.89 
     


       0.53 
     




       ROE 
     


       -28.18 
     




       영업이익율 
     


       -22.93 
     


 피에스엠씨의 퀀트 재무 점수는 7.24점으로 3개월 이전 6.56점보다 올랐다. 지난 분기에 비해 성장성 점수가 상승했다. 이는 매출액 증가율과 자기자본 증가율이 증가하였기 때문이다. 안정성 종합 점수는 부채비율 감소, 유동비율 증가로 상승했다. 수익성 측면에서 볼때 ROA, ROE, 영업이익률 모두 개선되어 이전보다 좋은 점수를 받았다.  외국인은 순매수, 개인은 순매도(한달누적) 12월21일부터 외국인들이 11거래일 연속 순매수 행진을 벌이고 있다. 4주간을 기준으로 보면 외국인이 초반에 동종목을 순매수한 이후에 기세를 이어가며 368,538주를 순매수했지만, 개인은 매도쪽으로 방향을 잡으면서 368,538주를 순매도했다. 기관의 순매수량에는 변함이 없다.  'fnRASSI'는 증권전문 기업 씽크풀과 파이낸셜뉴스의 협업으로 로봇기자가 실시간으로 생산하는 기사입니다."
파이낸셜뉴스,024850,/news/news_read.nhn?article_id=0003758613&office_id=014&mode=search&query=피에스엠씨&page=1,2017-01-05 14:58,[fnRASSI]피에스엠씨(024850) 5.2% 상승,"현재 피에스엠씨(024850)는 전일대비 5.2% 상승하여 789원 선에서 거래가 이루어지고 있다.  외국인은 순매수, 개인은 순매도(한달누적) 12월21일부터 외국인들이 10거래일 연속 순매수 행진을 벌이고 있다. 4주간을 기준으로 보면 외국인이 순매수량을 늘리며 352,842주를 순매수했지만, 개인은 매도 관점으로 접근하면서 352,842주를 순매도했다. 기관의 순매수량에는 변함이 없다.  상장주식수 대비 거래량은 0.62%로 적정수준최근 한달간 피에스엠씨의 상장주식수 대비 거래량을 비교해보니 일별 매매회전율이 0.62%로 집계됐다. 그리고 동기간 장중 저점과 고점의 차이인 일평균 주가변동률을 3.06%를 나타내고 있다.  
 'fnRASSI'는 증권전문 기업 씽크풀과 파이낸셜뉴스의 협업으로 로봇기자가 실시간으로 생산하는 기사입니다."
이데일리,024850,/news/news_read.nhn?article_id=0004102529&office_id=018&mode=search&query=피에스엠씨&page=1,2018-05-15 17:50,"피에스엠씨, 이에스브이에 의안상정 가처분 신청 받아","[이데일리 이명철 기자] 피에스엠씨(024850)는 이에스브이가 의안상정 가처분 신청을 제기했다고 15일 공시했다. 청구 내용에 따르면 원고측은 진종필, 최현준, 정재근 3인을 사내이사로 선임하는 등의 의안을 제41기 정기주주총회 의안으로 상정하라고 청구했다. 회사는 소송대리인을 통해 법적인 절차에 따라 적극 대응할 예정이라고 전했다."
서울경제,024850,/news/news_read.nhn?article_id=0003368217&office_id=011&mode=search&query=피에스엠씨&page=1,2018-08-09 13:57,"피에스엠씨, 이에스브이 경영 참여 기대감에 &lsquo;상한가'","[서울경제] 코스닥 상장 전자부품 제조업체 피에스엠씨(024850) 가 이에스브이(223310) 의 경영 참여 기대감에 상한가를 기록하고 있다. 피에스엠씨는 9일 코스닥시장에서 오후 1시 51분 현재 전날보다 29.95%(257원) 오른 1,115원에 거래 중이다. 앞서 피에스엠씨는 지난 16일 이에스브이가 낸 주주총회 소집 허가 신청과 관련해 수원지법으로부터 인용 결정을 받았다고 공시했다. 이에스브이는 △진종필·최현준· 정재근 등 3인에 대한 사내이사 선임 △김성태· 여현동 등 2인에 대한 사외이사 선임 △정관변경의 안 등과 관련 임시주주총회 소집을 허가해달라고 법원에 요청했다. 이번 인용 결정으로 이에스브이의 피에스엠씨 경영권 참여 기대감이 높아지면서 급등세를 보이고 있는 것으로 분석된다."
머니투데이,024850,/news/news_read.nhn?article_id=0003799270&office_id=008&mode=search&query=피에스엠씨&page=1,2017-01-02 07:53,"피에스엠씨, 계열사 채무 36억에 대한 담보제공 결정",[머니투데이 이창명 기자] 피에스엠씨는 종속회사인 PSMP가 풍산에서 차입한 36억2500만원에 대한 담보제공을 결정했다고 2일 공시했다. textlinktopstart textlinktopend textlinkstart
머니투데이,024850,/news/news_read.nhn?article_id=0004052517&office_id=008&mode=search&query=피에스엠씨&page=1,2018-05-16 18:05,"이에스브이, 피에스엠씨 주주명부 열람 가처분 신청",[머니투데이 안재용 기자] 피에스엠씨는 이에스브이가 주주명부 열람 및 등사 가처분신청을 수원지방법원에 제출했다고 16일 공시했다.
서울경제,024850,/news/news_read.nhn?article_id=0002948672&office_id=011&mode=search&query=피에스엠씨&page=1,2017-01-02 10:53,"피에스엠씨, PSMP의 36억원 채무 담보제공 결정","피에스엠씨(024850)는 종속회사인 PSMP가 풍산에서 차입한 36억2,600만원에 대한 담보제공을 결정했다고 2일 공시했다. 이는 자기자본 대비 38%에 해당하는 것으로 담보제공기간은 올해 12월 30일까지다."
이데일리,024850,/news/news_read.nhn?article_id=0003388889&office_id=018&mode=search&query=피에스엠씨&page=1,2015-11-09 10:47,피에스엠씨 &quot;임시주주총회소집 허가 소송 취하됨&quot;,[이데일리 이유미 기자] 피에스엠씨(024850)는 리차드앤컴퍼니가 부산지법동부지원에 제기한 임시주주총회소집 허가 소송을 취하했다고 9일 공시했다.
머니투데이,024850,/news/news_read.nhn?article_id=0003839945&office_id=008&mode=search&query=피에스엠씨&page=1,2017-03-16 16:22,"피에스엠씨, 정기주총 개최로 주주명부 폐쇄",[머니투데이 이재원 기자] 피에스엠씨는 정기주주총회 개최에 따른 권리주주 확정을 위해 주주명부를 폐쇄한다고 16일 공시했다. 주주명부폐쇄일은 다음달 1일부터 30일까지다. textlinktopstart textlinktopend textlinkstart
아시아경제,024850,/news/news_read.nhn?article_id=0003635197&office_id=277&mode=search&query=피에스엠씨&page=1,2015-11-27 15:35,"피에스엠씨, 경기 화성으로 공장 이전",[아시아경제 권해영 기자] 피에스엠씨는 시장 접근성 향상을 통한 경쟁력 강화 및 사업 지속성 확보 목적으로 공장을 부산 해운대에서 경기 화성으로 이전한다고 27일 공시했다.
파이낸셜뉴스,024850,/news/news_read.nhn?article_id=0004072877&office_id=014&mode=search&query=피에스엠씨&page=1,2018-08-09 15:33,"[fnRASSI]피에스엠씨,제이엠아이 등 11종목 52주 신고가 경신","09일 피에스엠씨(024850), 제이엠아이(033050), 픽셀플러스(087600), 유비쿼스(264450), 하나금융7호스팩(230240), 하나금융11호스팩(284620)등이 장중 52주 신고가를 경신했다. 특히 피에스엠씨는 전 거래일 대비 30% 오른 1,115원에 거래를 마감하며 높은 관심을 받았다. 'fnRASSI'는 증권전문 기업 씽크풀과 파이낸셜뉴스의 협업으로 로봇기자가 실시간으로 생산하는 기사입니다."
이데일리,024850,/news/news_read.nhn?article_id=0003408613&office_id=018&mode=search&query=피에스엠씨&page=1,2015-11-27 15:35,"피에스엠씨, 부산서 경기도 화성으로 공장 이전 결정",[이데일리 이유미 기자] 피에스엠씨(024850)는 시장접근성향상으로 경쟁력 강화 및 사업 지속성 확보를 위해 공장을 부산 해운대구에서 경기도 화성시 향남읍으로 이전하기로 결정했다고 27일 공시했다.
파이낸셜뉴스,024850,/news/news_read.nhn?article_id=0004022891&office_id=014&mode=search&query=피에스엠씨&page=1,2018-05-17 11:25,[fnRASSI]피에스엠씨 전일대비 10.62% 상승,"피에스엠씨(024850)는 현재 주가가 전일 대비 10.62% 상승한 927원 선에서 거래가 이루어지고 있다. 외국인/기관 순매수, 개인은 순매도(한달누적)  기관이 5일연속 순매수를 보이고 있는 반면에 외국인은 3일연속 순매도를 보이고 있다. 4주간을 기준으로 보면 외국인이 매기를 떨어뜨리면서도 240,738주를 순매수했고, 기관도 초반에 동종목을 순매수한 이후에 기세를 이어가며 225주를 순매수했다. 반면 개인들은 매도 우위를 보이면서 240,963주를 순매도한 것으로 나타났다. 기관투자자 연속 0일 순매도 최근 5일간 동종목의 외국인 투자자는 68,083주 순매도하였고 반면 기관은 72주 순매수하였다. 전날 외국인 53,831주 순매도, 기관72주 순매수하며 보유 비율이 변동했다. 다음 표는 동종목의 외국인, 기관의 일별 순매수량을 나타낸 것이다. 'fnRASSI'는 증권전문 기업 씽크풀과 파이낸셜뉴스의 협업으로 로봇기자가 실시간으로 생산하는 기사입니다."
파이낸셜뉴스,024850,/news/news_read.nhn?article_id=0004073355&office_id=014&mode=search&query=피에스엠씨&page=1,2018-08-10 10:56,"[fnRASSI]피에스엠씨(024850), 52주 신고가...1.35% &uarr;","피에스엠씨(024850)는 52주신고가를 기록하고 있어 주목할만하다. 동종목의 현재 주가는 1,130원 선에서 이루어지고 있다. 거래일을 기준으로 최근 3일간 평균 거래량은 898만 주이다. 이는 60일 일 평균 거래량 90만 주와 비교해보면 최근 거래량이 급격히 늘어났다는 것을 알 수 있다. 퀀트 재무분석, 종합점수 6점으로 상승                    지표               항목               값               종합점수                 성장성               매출액증가율               -0.31               1.24                 자기자본증가율               -0.12                 안정성               부채비율               90.21               6.24                 유동비율               166.5                 이익안정성               4.17                 수익성               ROA               -1.48               1.85                 ROE               -2.82                 영업이익율               -6.05          피에스엠씨의 퀀트 재무 점수는 9.33점으로 3개월 이전 8.81점보다 올랐다. 지난 분기에 비해 성장성 점수가 상승했다. 이는 자기자본 증가율이 증가하였기 때문이다. 안정성 종합 점수는 부채비율 감소, 유동비율 증가로 상승했다. 외국인과 개인은 순매도, 기관은 순매수(한달누적)  전일 외국인과 기관이 각각 136,677주, 7주를 순매수 했다. 4주간을 기준으로 보면 기관이 순매도를 기록하다가 다시 순매수로 돌아서면서 224,010주를 순매수한 반면, 외국인은 매도 우위를 지속하면서 213,563주를 순매도했고, 개인들도 매도 우위로 반전되면서 10,447주를 순매도했다. 'fnRASSI'는 증권전문 기업 씽크풀과 파이낸셜뉴스의 협업으로 로봇기자가 실시간으로 생산하는 기사입니다."
한국경제,024850,/news/news_read.nhn?article_id=0003487727&office_id=015&mode=search&query=피에스엠씨&page=1,2015-11-27 16:09,"피에스엠씨, 화성시로 공장 이전 결정",[ 박상재 기자  ] 피에스엠씨는 시장 접근성 향상과 사업 지속성 확보를 위해 부산시 해운대구에 있는 공장을 경기도 화성시 향남읍으로 이전하기로 결정했다고 27일 공시했다. 박상재 한경닷컴 기자
파이낸셜뉴스,024850,/news/news_read.nhn?article_id=0003794213&office_id=014&mode=search&query=피에스엠씨&page=1,2017-03-27 11:37,"[fnRASSI]피에스엠씨(024850), 신저가 경신...-7.12% &darr;","피에스엠씨(024850)는 당일 548원까지 하락하며 52주신저가를 기록했다. 동종목의 현재 주가는 전일대비 -7.12% 하락한 548원 선에서 이루어지고 있다. 거래일을 기준으로 최근 3일간 평균 거래량은 75만 주이다. 이는 60일 일 평균 거래량 269만 주와 비교해보면 최근 거래량이 급격히 줄어들었다는 것을 알 수 있다. 상장주식수 대비 거래량은 1.22%로 적정수준 최근 한달간 피에스엠씨의 상장주식수 대비 거래량을 비교해보니 일별 매매회전율이 1.22%로 집계됐다. 그리고 동기간 장중 저점과 고점의 차이인 일평균 주가변동률을 5.29%를 나타내고 있다. 외국인 보유량 감소, 기관 증가 (5일 누적) 최근 5일간 동종목의 외국인 투자자는 76,934주 매도하였고 반면 기관은 1주 매수하였다. 전날 두 주체 각각 23,964주, 1주 순매수하며 보유 비율을 늘렸다. 다음 표는 동종목의 외국인, 기관의 일별 순매수량을 나타낸 것이다. 'fnRASSI'는 증권전문 기업 씽크풀과 파이낸셜뉴스의 협업으로 로봇기자가 실시간으로 생산하는 기사입니다."
파이낸셜뉴스,024850,/news/news_read.nhn?article_id=0004073330&office_id=014&mode=search&query=피에스엠씨&page=1,2018-08-10 10:38,"피에스엠씨, 이에스브이와 본격적인 &lsquo;적대적 M&amp;A&rsquo; 예고","코스닥 상장 전자부품 제조업체 피에스엠씨의 경영권을 놓고 주주들간 본격적인 분쟁이 시작될 조짐이다. 10일 업계에 따르면 피에스엠씨는 현재 최대 단일주주인 이에스브이의 요청에 따라 임시주주총회를 개최한다고 지난 9일 공시했다. 금융감독원 전자공시시스템에 따르면 피에스엠씨는 오는 9월 21일 임시주총을 개최한다고 밝혔다. 이에스브이는 이번 임시주총에서 △진종필, 최현준, 정재근 등 3인에 대한 사내이사 선임 △김성태, 여현동 등 2인에 대한 사외이사 선임 △정관변경의 안 등에 대해 주요하게 다룰 예정이다. 앞서 피에스엠씨는 지난 7월 16일 이에스브이가 낸 주주총회 소집 허가 신청과 관련해 수원지법으로부터 인용 결정을 받았다고 공시한 바 있다. 이번 임시주총을 기점으로 최대 단일주주인 이에스브이와 전임 주주간의 본격적인 경영권 및 지분 싸움이 벌어질 것으로 예측되고 있다. 현재 이에스브이는 8일 기준 12% 지분을 보유해 피에스엠씨의 최대 단일 주주로 올라 있으며, 에프앤티(6.46%), 강대균(5.03%) 등의 단일 주주가 뒤를 잇고 있다. 이와 더불어 9일 코스닥시장에서는 이에스브이의 피에스엠씨 경영 참여 소식이 알려지자 52주 신고가를 경신하는 등 기대감 및 긍정적인 여론이 모아지고 있다. 한편, 피에스엠씨는 올해 1·4분기 매출에서 영업이익 및 당기순이익이 흑자전환에 성공했으며, 풍부한 반도체 부품 산업경험과 자체 리드프레임 디자인 능력, 자체금형설계 및 제작 능력을 보유하고 있다."
머니투데이,024850,/news/news_read.nhn?article_id=0004090028&office_id=008&mode=search&query=피에스엠씨&page=1,2018-08-10 09:09,"이에스브이-피에스엠씨, 경영권 분쟁 예고 &quot;9월 21일 임총&quot;","[머니투데이 김건우 기자] 코스닥 상장 전자부품 제조업체 피에스엠씨의 경영권을 놓고 주주들간 본격적인 분쟁이 시작될 조짐이다. 피에스엠씨는 현재 최대 단일주주인 이에스브이의 요청에 따라 오는 9월 21일 임시주주총회를 개최한다고 9일 공시했다. 이에스브이는 이번 임시주총에서 △진종필, 최현준, 정재근 등 3인에 대한 사내이사 선임 △김성태, 여현동 등 2인에 대한 사외이사 선임 △정관변경의 안 등을 다룰 예정이다. 앞서 피에스엠씨는 지난 7월 16일 이에스브이가 낸 주주총회 소집 허가 신청과 관련해 수원지법으로부터 인용 결정을 받았다고 공시한 바 있다. 이번 임시주총을 기점으로 최대 단일주주인 이에스브이와 전임 주주간의 본격적인 경영권 및 지분 싸움이 벌어질 것으로 예측되고 있다. 현재 이에스브이는 8일 기준 12% 지분을 보유해 피에스엠씨의 최대 단일 주주로 올라 다. 기존 최대주주인 에프앤티(6.46%)와 강대균(5.03%) 등의 지분과 소폭 차이를 보이고 있다. 피에스엠씨는 올해 1분기 매출에서 영업이익 및 당기순이익이 흑자전환에 성공했다. 풍부한 반도체 부품 산업경험과 자체 리드프레임 디자인 능력, 자체금형설계 및 제작 능력을 보유하고 있다. 이에스브이 관계자는 “그 동안 저평가 되어있던 피에스엠씨는 성장 가치가 충분히 있는 기업”이라며 “이에스브이가 보유하고 있는 우수한 IT기술과 폭 넓은 네트워크를 통하여 우량 기업으로 성장시키 위해 경영참여를 결정하게 되었고 향후 추가 투자도 고려 중”이라고 말했다."
아시아경제,024850,/news/news_read.nhn?article_id=0004297044&office_id=277&mode=search&query=피에스엠씨&page=1,2018-08-17 09:10,"[특징주]이에스브이, 피에스엠씨 최대주주 등극&hellip;급등",[아시아경제 유현석 기자] 이에스브이가 급등하고 있다. 피에스엠씨의 최대주주로 올라섰다는 소식이 영향을 끼친 것으로 보인다. 이에스브이는 17일 오전 9시9분 현재 전거래일 대비 108원(12.41%) 오른 978원에 거래되고 있다. 피에스엠씨는 전날 이에스브이가 장내 거래를 통해 12%에서 15%로 지분을 늘렸다고 공시했다. 이에스브이는 에프앤티 외 특수관계인 2인(지분 14.07%)를 제치고 단일 최대주주에서 최대주주로 등극했다.
한국경제,024850,/news/news_read.nhn?article_id=0003941174&office_id=015&mode=search&query=피에스엠씨&page=1,2018-05-17 11:21,"[피에스엠씨] 15% 이상 상승, 전형적인 상승세, 단기&middot;중기 이평선 정배열","17일 오전 11시 19분 현재 피에스엠씨는 전 거래일보다 15.75% 오른 970원에 거래되고 있다. 주가의 흐름을 살펴보면 849원으로 개장해서 장중 한때 838원(0%)까지 살짝 밀렸지만, 다시 큰 폭으로 올라서 현재 970원(+15.75%)까지 상승하고 있다. ◆ 차트 분석 - 전형적인 상승세, 단기·중기 이평선 정배열 이 시간 차트의 흐름은 현재 단기·중기 이평선이 정배열 상태로 전형적인 상승세를 보이고 있다. 최근 이 종목의 차트에서 최근 5일 매물대 돌파 등의 특이사항이 발생했다. [표]피에스엠씨 차트 분석 ◆ Valuation - 전일 종가 기준 PER 마이너스, PBR 1.6배 당기순이익 적자로 인해 이 종목의 PER는 마이너스이고, PBR은 1.6배이다. PER는 마이너스라서 반도체업종의 평균 PER 14.3배 대비 -73.3배 낮은 수준이고, PBR은 반도체업종의 평균 PBR 2.6배 대비 -1.0배 낮은 수준으로 업종 내에서 하위 38%에 위치한다. [표]피에스엠씨 Valuation 한경로보뉴스 이 기사는 한국경제신문과 씽크풀이 공동 개발한 기사 자동생성 알고리즘에 의해 실시간으로 작성된 것입니다. ["
파이낸셜뉴스,024850,/news/news_read.nhn?article_id=0004072505&office_id=014&mode=search&query=피에스엠씨&page=1,2018-08-09 09:22,[fnRASSI]피에스엠씨(024850) 15.85% 상승,"피에스엠씨(024850)는 현재 주가가 전일 대비 15.85% 상승한 994원 선에서 거래가 이루어지고 있다. 퀀트 재무분석, 종합점수 6점으로 상승                    지표               항목               값               종합점수                 성장성               매출액증가율               -0.31               1.24                 자기자본증가율               -0.12                 안정성               부채비율               90.21               6.24                 유동비율               166.5                 이익안정성               4.17                 수익성               ROA               -1.48               1.84                 ROE               -2.82                 영업이익율               -6.05          피에스엠씨의 퀀트 재무 점수는 9.32점으로 3개월 이전 8.81점보다 올랐다. 지난 분기에 비해 성장성 점수가 상승했다. 이는 자기자본 증가율이 증가하였기 때문이다. 안정성 종합 점수는 부채비율 감소, 유동비율 증가로 상승했다. 외국인 연속 7일, 기관 역시 연속 5일 순매도  최근 외국인과 기관 투자자가 매수 추세에 있다. 외국인은 연속7일동안 156,936주 매수하며 보유 비율을 5.63%로 늘렸다. 기관은 5일 연속 순매수하며 전일 76,249주 매수하였다. 다음 표는 동종목의 외국인, 기관의 일별 순매수량을 나타낸 것이다. 'fnRASSI'는 증권전문 기업 씽크풀과 파이낸셜뉴스의 협업으로 로봇기자가 실시간으로 생산하는 기사입니다."
서울경제,024850,/news/news_read.nhn?article_id=0003372373&office_id=011&mode=search&query=피에스엠씨&page=1,2018-08-16 09:31,"&lt;코&gt;피에스엠씨, 전일 대비 11.45% 상승.. 일일회전율은 4.92% 기록","[서울경제] 피에스엠씨(024850) 는 16일 오전 9시 30분 현재 11.45% 오른 1,090원에 거래되고 있으며, 37(매도):63(매수)의 매수우위를 기록하고 있다. 거래대금은 19억7,304만, 거래량은 190만5,169주로 거래량회전율은 4.92%로 나타났다. 지난 1개월간 피에스엠씨는 상한가 1회, 상승 17회, 하락 10회를 기록했고, 주가수익률은 38.32% 표준편차는 5.87%를 기록했다. 이 기간 ' 반도체업 ' 업종 평균 주가수익률은 -5.35%로 나타났으며, 변동성은 1.61%를 기록했다. 이 시각 현재 ' 반도체업 '은 2.07% 상승 중이며, 40(매도):60(매수)의 매수우위를 기록하고 있다."
파이낸셜뉴스,024850,/news/news_read.nhn?article_id=0003793378&office_id=014&mode=search&query=피에스엠씨&page=1,2017-03-24 11:11,"[fnRASSI]피에스엠씨, 당일 거래량 증가하며 5거래일 하락세 지속","피에스엠씨(024850)의 현재 거래량이 최근 5거래일 거래량의 최고치를 경신했다. 그리고 현재 전 거래일보다 8% 감소하여 5일 연속 하락흐름을 보이고 있다. 퀀트 재무분석, 종합점수 3점으로 상승                    지표               항목               값               종합점수                 성장성               매출액증가율               -0.38               0.76                 자기자본증가율               -0.26                 안정성               부채비율               89.26               5.74                 유동비율               157.11                 이익안정성               3.61                 수익성               ROA               -8.27               0.8                 ROE               -15.65                 영업이익율               -21.07          피에스엠씨의 퀀트 재무 점수는 7.3점으로 3개월 이전 7.24점보다 올랐다. 지난 분기에 비해 성장성 점수가 하락했다. 이는 매출액 증가율이 감소하였기 때문이다. 수익성 측면에서 볼때 ROA, ROE, 영업이익률 모두 개선되어 이전보다 좋은 점수를 받았다. 외국인 보유량 감소, 기관 증가 (5일 누적) 최근 5일간 동종목의 외국인 투자자는 105,187주 매도하였고 반면 기관은 0주 매수하였다. 전날 외국인은 67,055주 매도했지만 기관은 순매수량이 0으로 보유비율 그대로 유지했다. 다음 표는 동종목의 외국인, 기관의 일별 순매수량을 나타낸 것이다. 'fnRASSI'는 증권전문 기업 씽크풀과 파이낸셜뉴스의 협업으로 로봇기자가 실시간으로 생산하는 기사입니다."
파이낸셜뉴스,024850,/news/news_read.nhn?article_id=0003887376&office_id=014&mode=search&query=피에스엠씨&page=1,2017-10-12 10:08,"[fnRASSI]피에스엠씨, 2.06% 오르며 거래량 증가","피에스엠씨(024850)의 현재 거래량이 최근 5거래일 거래량의 최고치를 넘어서며 투자자들의 관심을 받고 있다. 그리고 피에스엠씨는 4일 연속 상승흐름을 보이며, 9시 38분 현재 2.06% 증가한 545원에 거래중이다. 기관투자자 연속 1일 순매도 최근 5일간 동종목의 외국인 투자자는 171,431주 순매수하였고 마찬가지로 기관은 342주 순매수하였다. 전날 두 주체 각각 97,077주, 342주 순매수하며 보유 비율을 늘렸다. 다음 표는 동종목의 외국인, 기관의 일별 순매수량을 나타낸 것이다. 상장주식수 대비 거래량은 1.17%로 적정수준 최근 한달간 피에스엠씨의 상장주식수 대비 거래량을 비교해보니 일별 매매회전율이 1.17%로 집계됐다. 그리고 동기간 장중 저점과 고점의 차이인 일평균 주가변동률을 3.45%를 나타내고 있다. 'fnRASSI'는 증권전문 기업 씽크풀과 파이낸셜뉴스의 협업으로 로봇기자가 실시간으로 생산하는 기사입니다."
파이낸셜뉴스,024850,/news/news_read.nhn?article_id=0003861731&office_id=014&mode=search&query=피에스엠씨&page=1,2017-08-22 10:47,"[fnRASSI]피에스엠씨, 5.61% 오르며 거래량 증가","피에스엠씨(024850)의 현재 거래량이 최근 5거래일 거래량의 최고치를 경신하며 투자자들의 관심을 받고 있다. 그리고 피에스엠씨는 6일 연속 상승흐름을 보이며, 10시 45분 현재 5.61% 증가한 565원에 거래중이다. 퀀트 재무분석, 종합점수 3점으로 상승                    지표               항목               값               종합점수                 성장성               매출액증가율               -0.38               0.76                 자기자본증가율               -0.22                 안정성               부채비율               83.87               5.87                 유동비율               162.41                 이익안정성               3.61                 수익성               ROA               -8.12               0.87                 ROE               -14.92                 영업이익율               -21.07          피에스엠씨의 퀀트 재무 점수는 7.5점으로 3개월 이전 7.41점보다 올랐다. 지난 분기에 비해 성장성 점수가 상승했다. 이는 자기자본 증가율이 증가하였기 때문이다. 개인,외국인 투자자만 매매에 참여 최근 한달간 주체별 거래비중을 살펴보면 개인 비중이 95.94%로 가장 높았고, 외국인이 4.05%로 그 뒤를 이었다. 기관은 거래에 참여하지 않은 것으로 보인다. 그리고 최근 5일간 거래비중은 개인이 96.06%, 외국인이 3.93%를 기록한 것으로 나타났다. 'fnRASSI'는 증권전문 기업 씽크풀과 파이낸셜뉴스의 협업으로 로봇기자가 실시간으로 생산하는 기사입니다."
파이낸셜뉴스,024850,/news/news_read.nhn?article_id=0003779483&office_id=014&mode=search&query=피에스엠씨&page=1,2017-02-21 09:17,[fnRASSI]피에스엠씨(024850) 현재 10.86% &uarr;,"피에스엠씨(024850)는 현재 주가가 전일 대비 10.86% 상승한 786원 선에서 거래가 이루어지고 있다. 외국인과 기관은 순매도, 개인은 순매수(한달누적)  2월16일부터 전일까지 외국인이 3거래일 연속 순매수를 보였다. 4주간을 기준으로 보면 외국인이 매도 후 매수의 관점을 보이고 있음에도 불구하고 50,591주를 순매도했고, 기관도 순매수에서 순매도로 반전되면서 57,310주를 순매도했지만, 개인은 오히려 매기를 떨어뜨리면서도 107,901주를 순매수했다. 주주들의 손바뀜 17.25%이 너무 잦아 최근 한달간 피에스엠씨의 매매회전율을 분석한 결과 5일에 1번 꼴로 주식의 주인이 바뀐 것으로 나타났다. 이는 비정상적으로 높은 회전율을 보인 것으로 투자에 각별한 주의가 요망된다. 동종목의 경우 동기간 일평균 주가변동률은 4.51%를 기록했다. 'fnRASSI'는 증권전문 기업 씽크풀과 파이낸셜뉴스의 협업으로 로봇기자가 실시간으로 생산하는 기사입니다."
이데일리,024850,/news/news_read.nhn?article_id=0003383665&office_id=018&mode=search&query=피에스엠씨&page=1,2015-11-02 16:18,"리차드앤컴퍼니, 피에스엠씨 지분 13.24%&rarr;12.19%",[이데일리 박기주 기자] 리차드앤컴퍼니는 특별관계자의 매도로 피에스엠씨(024850) 지분율이 13.24%에서 12.19%로 감소했다고 2일 공시했다.
이데일리,024850,/news/news_read.nhn?article_id=0003372203&office_id=018&mode=search&query=피에스엠씨&page=1,2015-10-19 14:45,피에스엠씨 &quot;장부 등 열람허용 가처분 피신청 기각&quot;,[이데일리 이유미 기자] 피에스엠씨(024850)는 부산지법동부지원이 리차드앤컴퍼니가 제기한 이사회의록에 대한 열람 허용 가처분을 기각했다고 19일 공시했다.
파이낸셜뉴스,024850,/news/news_read.nhn?article_id=0004076764&office_id=014&mode=search&query=피에스엠씨&page=1,2018-08-17 09:37,"[특징주] 이에스브이, 피에스엠씨 최대주주 올라서며 '급등'","이에스브이가 피에스엠씨의 최대주주로 올라섰다는 소식에 장 초반 급등세다. 17일 오전 9시 33분 현재 이에스브이는 전 거래일다 14.37%(125원) 오른 995원에 거래되고 있다. 전날 공시를 통해 피에스엠씨는 장내매수로 최대주주가 유한회사 에프앤티 외 2(지분율 14.07%)에서 이에스브이(15.00%)로 변경됐다고 밝혔다. 지분인수 목적은 경영권 참여로, 인수자금 조달방법은 사내보유 중인 자금을 통한 주식 취득이라고 설명했다."
머니투데이,024850,/news/news_read.nhn?article_id=0004068858&office_id=008&mode=search&query=피에스엠씨&page=1,2018-06-22 15:42,"피에스엠씨, &quot;이에스브이의 장부열람허용 가처분 신청 기각&quot;",[머니투데이 김남이 기자] 피에스엠씨는 이에스브이가 수원지방법원에 신청한 장부 등 열람허용가처분이 기각 됐다고 22일 공시했다. 법원은 “어떤 부정한 업무집행 등으로 인해 회사의 경영상태가 악화됐다는 식의 구체적인 내용이 아니라 단지 추상적으로 회사의 경영실태를 조사할 필요가 있다는 것에 불과하다”며 “이유의 구체성이 충족됐다고 보기 어렵다”고 설명했다.
연합뉴스,024850,/news/news_read.nhn?article_id=0010150738&office_id=001&mode=search&query=피에스엠씨&page=1,2018-06-14 17:47,피에스엠씨 &quot;임시주주총회 소집허가 신청 제기&quot;,"(서울=연합뉴스) 김아람 기자 = 피에스엠씨는 주식회사 이에스브이가 회사를 상대로 임시주주총회 소집허가 신청을 수원지방법원에 제기했다고 14일 공시했다. 회사 측은 ""소송대리인을 통해 법적인 절차에 따라 적극 대응할 예정""이라고 밝혔다."
이데일리,024850,/news/news_read.nhn?article_id=0004125959&office_id=018&mode=search&query=피에스엠씨&page=1,2018-06-14 17:27,피에스엠씨 &quot;주주총회 소집허가 제기돼&quot;,[이데일리 이후섭 기자] 피에스엠씨(024850)는 이에스브이가 수원지방법원에 주주총회 소집허가를 신청했다고 14일 공시했다. 회사 측은 “소송대리인을 통해 법적인 절차에 따라 적극 대응할 예정”이라고 설명했다.
서울경제,024850,/news/news_read.nhn?article_id=0003373255&office_id=011&mode=search&query=피에스엠씨&page=1,2018-08-17 09:13,"&lt;코&gt;피에스엠씨, 상한가 진입.. +29.60% &uarr;","[서울경제] 오전 9시 12분 현재 피에스엠씨(024850) 가 +29.60% 오른 1,445원(▲330)으로 장중 상한가에 진입했다. 거래대금은 91억261만, 거래량은 672만4,711주를 기록하고 있으며, 수급측면으로는 38(매도):62(매수)의 매수우위를 보이고 있다. 피에스엠씨는 전일 상승(1,115원, ▲137, +14.01%)한데 이어 이틀 연속 상승세를 이어가고 있다. 지난 1개월간 피에스엠씨는 상한가 1회, 상승 17회, 하락 10회를 기록했고, 주가수익률은 84.78%였다. 이 기간 ' 반도체업 ' 업종 평균 주가수익률은 -2.82%를 기록했다. 현재 ' 반도체업 ' 총 117개 종목 중 상한가 종목은 1개, 상승 종목은 79개로, 일부 종목만이 상승세를 보이고 있다. ( 네패스신소재(087730) +3.48%, 유니테스트(086390) +3.07%, 와이아이케이(232140) +3.00%)"
서울경제,024850,/news/news_read.nhn?article_id=0003373258&office_id=011&mode=search&query=피에스엠씨&page=1,2018-08-17 09:14,"이에스브이, 피에스엠씨 최대주주 등극","경영권 확보 우위 점해장내 거래로 지분 15%로 확대이에스브이, “피에스엠씨, 우량기업으로 성장 도모할 것” [서울경제] 이에스브이(223310) 가 경영권 인수를 추진 중인 피에스엠씨(024850) 의 지분을 늘리며 최대주주에 올랐다. 피에스엠씨는 이에스브이가 장내 거래를 통해 자사의 지분을 12%에서 15%로 늘렸다고 17일 밝혔다. 이에 따라 이에스브이는 기존 피에스엠씨의 최대주주였던 에프앤티 외 특수관계인 2인(지분 14.07%)를 제치고 최대 주주로 등극했다. 업계에서는 피에스엠씨를 대상으로 인수·합병(M&A)을 추진 중인 이에스브이가 이번 지분 확대로 경영권 확보에 우위를 점한 것으로 분석하고 있다. 일각에서는 이에스브이의 요청으로 오는 9월21일 열릴 임시주주총회 전까지 최대주주 지위를 놓고 치열한 지분 경쟁이 벌어질 것이란 관측도 나온다. 이에스브이는 이번 임시주총에서 앞으로 원활한 경영 참여를 위해 △진종필·최현준·정재근 등 3인에 대한 사내이사 선임 △김성태·여현동 등 2인에 대한 사외이사 선임 △정관변경의 안 등을 다룰 예정이다. 이에스브이 관계자는 “이번 피에스엠씨에 대한 추가 지분 확보는 미래 성장가치가 높다고 판단해 결정하게 됐다”며 “이에스브이가 보유한 우수한IT기술과 폭 넓은 네트워크를 활용한다면 우량기업으로 빠르게 성장할 것”이라고 말했다."
파이낸셜뉴스,024850,/news/news_read.nhn?article_id=0003980642&office_id=014&mode=search&query=피에스엠씨&page=1,2018-03-12 14:16,[fnRASSI]피에스엠씨 전일대비 8.92% 상승,"현재 피에스엠씨(024850)는 전일대비 8.92% 상승하여 733원 선에서 거래가 이루어지고 있다. 상장주식수 대비 거래량은 0.56%로 적정수준 최근 한달간 피에스엠씨의 상장주식수 대비 거래량을 비교해보니 일별 매매회전율이 0.56%로 집계됐다. 그리고 동기간 장중 저점과 고점의 차이인 일평균 주가변동률을 2.09%를 나타내고 있다. 퀀트 재무분석, 종합점수 5점으로 상승                    지표               항목               값               종합점수                 성장성               매출액증가율               -0.31               0.87                 자기자본증가율               -0.23                 안정성               부채비율               90.62               6.18                 유동비율               163.78                 이익안정성               4.17                 수익성               ROA               -1.41               1.86                 ROE               -2.69                 영업이익율               -6.05          피에스엠씨의 퀀트 재무 점수는 8.91점으로 3개월 이전 7.63점보다 올랐다. 지난 분기에 비해 성장성 점수가 상승했다. 이는 매출액 증가율과 자기자본 증가율이 증가하였기 때문이다. 안정성 종합 점수는 유동비율 증가, 실적 안정성 증가로 상승했다. 수익성 측면에서 볼때 ROA, ROE, 영업이익률 모두 개선되어 이전보다 좋은 점수를 받았다. 'fnRASSI'는 증권전문 기업 씽크풀과 파이낸셜뉴스의 협업으로 로봇기자가 실시간으로 생산하는 기사입니다."
이데일리,024850,/news/news_read.nhn?article_id=0003479408&office_id=018&mode=search&query=피에스엠씨&page=1,2016-02-18 09:51,"[특징주]피에스엠씨, 급락&hellip; &lsquo;회계처리 기준 위반 혐의 기소&rsquo;",[이데일리 이명철 기자] 피에스엠씨(024850)가 회계처리 기준을 위반해 재판이 진행될 것이라는 소식에 급락세를 나타내고 있다. 18일 오전 9시49분 현재 피에스엠씨 주가는 전일 대비 18.65 내린 423원을 기록 중이다. 지난 3거래일 연속 소폭 상승세를 이어오다가 큰 폭의 하락세로 돌아섰다. 회계처리 기준 위반에 따른 검찰 기소가 투자심리를 크게 위축시킨 것으로 풀이된다. 회사는 이날 서울동부지방검찰청이 지난 2012년 1분기 보고서에 첨부된 재무제표 주석란에 자기주식을 456만7024주로 과다계상하고 대손상각비 53억6000만원을 과소계상한 혐의로 법인과 전·현직 담당 임원이 기소했다고 공시했다. 회사측은 이번 회계처리 위반혐의 사항은 2012년 3분기 재무제표에 이미 반영돼 현재 재무상황에 영향은 없다고 전했다.
머니투데이,024850,/news/news_read.nhn?article_id=0003563512&office_id=008&mode=search&query=피에스엠씨&page=1,2015-10-21 09:04,"[더벨]피에스엠씨, 적대적M&amp;A '소강'&middot;&middot;&middot;분쟁 불씨는 '여전'","[더벨 김동희 기자] [법원 장부 열람 가처분 각하···리차드앤컴퍼니, 11월 중순 재개 계획] 더벨|이 기사는 10월20일(16:02) 자본시장 미디어 '머니투데이 thebell'에 출고된 기사입니다. 코스닥상장사 피에스엠씨(PSMC)의 경영권 분쟁이 소강 상태에 들어갔다. 장부 등 열람허용 가처분신청에 대한 법원의 각하와 기각 판결로 공격자 측인 최대주주 리차드앤컴퍼니가 한 발 물러난 모양새다. 임시주주총회 소집 허가 신청 관련 소송도 취하키로 했다. 피에스엠씨는 지난 19일 부산지법 동부지원에서 판결한 장부 등 열람허용가처분 각하 결정을 공시했다. 나머지 장부와 서류 신청 부분도 기각키로 했다고 밝혔다. 강대균 대표 등 피에스엠씨의 기존 경영진들이 우위를 점한 것이다. 그러나 아직 분쟁의 불씨가 완전히 꺼지지는 않았다. 리차드앤컴퍼니는 법원 판결 결정문을 토대로 다시 장부 등의 열람과 임시주주총회 소집을 신청할 계획이다. 주식을 6개월 이상 보유하지 않아 가질 수 없었던 회계 장부 열람, 등사청구권의 행사요건이 오는 11월 중순이면 충족시킬 수 있기 때문이다. 리차드앤컴퍼니 관계자는 ""법률 대리인과 협의해 지난 8월 부산지법 동부지원에 제기한 임시주주총회 소집 허가신청 관련 소송을 취하키로 했다""며 ""다만 주식보유기간 6개월이 넘어가면 회계장부 열람과 임시주주총회 소집을 다시 신청하겠다""고 밝혔다. 리차드앤컴퍼니는 지난 8월 제기한 임시주주총회 소집 허가 신청 소송에서 임시 의장으로 김일환씨를 선임하고 강대균 대표와 정동수 부사장, 김용길 비상무이사, 강기석 사외이사, 임형묵 사외이사, 박을용 감사의 해임 안건을 제출했다. 신임 사내·외 이사 후보로는 김일환, 온영두, 박일홍, 김세희, 김영진씨를 감사후보자로는 김경민씨를 제안했다. 피에스엠씨는 지난 4월 최대주주가 현재 경영진이 속한 애프엔티유한회사에서 엔지케이파트너즈로 바뀌면서 한 차례 홍역을 치렀다. 당시 엔지케이파트너즈는 회사 측에 각종 주주제안을 진행했지만 이렇다 할 성과를 거두지 못했고 보유 지분을 리차드앤컴퍼니에 재매각해 적대적 M&A를 지속하고 있다. textlinktopstart textlinktopend textlinkstart"
머니투데이,024850,/news/news_read.nhn?article_id=0003818773&office_id=008&mode=search&query=피에스엠씨&page=1,2017-02-08 16:49,"피에스엠씨 지난해 영업손실 85억, 전년比 2.54%&darr;",[머니투데이 이재원 기자] 피에스엠씨는 지난해 연결기준 영업손실이 85억7429만원으로 전년대비 2.54% 줄었다고 8일 공시했다. 매출액은 408억5458만원으로 전년 대비 18.30% 줄었다. 당기순손실은 32억7278만원으로 72.14% 감소했다. textlinktopstart textlinktopend textlinkstart
서울경제,024850,/news/news_read.nhn?article_id=0003322623&office_id=011&mode=search&query=피에스엠씨&page=1,2018-06-14 18:01,피에스엠씨 &quot;임시주총 소집허가 신청 제기&quot;,[서울경제] 피에스엠씨(024850) 는 주식회사 이에스브이가 임시주주총회 소집허가 신청을 수원지방법원에 제기했다고 14일 공시했다. 피에스엠씨는 “소송대리인을 통해 법적인 절차에 따라 적극 대응할 예정”이라고 밝혔다.
연합뉴스,024850,/news/news_read.nhn?article_id=0008193602&office_id=001&mode=search&query=피에스엠씨&page=1,2016-02-18 08:48,피에스엠씨 &quot;회계기준 위반으로 기소돼&quot;&hellip;매매정지,"(서울=연합뉴스) 임수정 기자 = 피에스엠씨가 자사 및 전·현직 임원이 회계처리 기준을 위반한 혐의로 기소됐다고 공시했다. 회사 측은 ""향후 재판이 진행될 예정이며, 변호인을 선임해 적절히 대응할 것""이라고 말했다. 이에 한국거래소는 이날 오전 9시30분까지 피에스엠씨에 대한 매매 거래를 정지한다고 밝혔다."
이데일리,024850,/news/news_read.nhn?article_id=0003676873&office_id=018&mode=search&query=피에스엠씨&page=1,2016-11-15 14:13,"피에스엠씨, 결산기 12월&rarr;3월로 변경",[이데일리 김기훈 기자] 피에스엠씨(024850)는 현재의 12월 말 결산기를 3월 말 결산기로 변경한다고 15일 공시했다.
한국경제,024850,/news/news_read.nhn?article_id=0003455580&office_id=015&mode=search&query=피에스엠씨&page=1,2015-10-19 14:46,"피에스엠씨, 장부 등 열람허용가처분 피신청 각하","[ 박상재 기자  ] 피에스엠씨는 리차드앤컴퍼니가 제기한 장부 등 열람허용가처분 신청을 부산지법동부지원이 각하했다고 19일 공시했다. 회사 측은 부산지법동부지원이 이사회의사록 열람과 등사는 각하하고, 다른 장부 등의 경우 기각했다고 덧붙였다. 박상재 한경닷컴 기자"
뉴시스,024850,/news/news_read.nhn?article_id=0008760108&office_id=003&mode=search&query=피에스엠씨&page=1,2018-08-17 09:29,"[특징주]이에스브이-피에스엠씨, 지분 변동에 동반 강세","【서울=뉴시스】장서우 기자 = 17일 장 초반 피에스엠씨(024850)와 이에스브이(223310)가 동반 강세다. 이날 오전 9시25분 현재 피에스엠씨는 코스닥 시장에서 전 거래일(1115원)보다 330원(29.60%) 급등한 1445원에 거래되며 52주 신고가를 경신했다. 이에스브이 역시 전 거래일(870원)보다 140원(16.09%) 치솟은 1010원에 거래되며 6거래일 만에 반등 중이다. 지난 16일 피에스엠씨는 이에스브이가 장내 거래를 통해 12%에서 15%로 지분을 늘렸다고 공시했다. 이로써 이에스브이는 에프앤티 외 특수관계인 2인(지분 14.07%)을 제치고 단일 최대주주에서 최대 주주에 올랐다. 이에스브이 관계자는 ""피에스엠씨의 미래 성장가치가 높다고 판단해 추가 지분 확보를 결정하게 됐다""며 ""이에스브이가 보유한 우수한 정보통신기술과 폭넓은 네트워크를 활용한다면 우량기업으로 빠르게 성장할 것""이라고 전했다. 이에스브이의 요청에 따라 다음달 21일 피에스엠씨의 임시 주주총회가 예정돼 있다. 업계에선 주총 전까지 최대주주 자리를 놓고 지분 경쟁이 벌어질 것으로 전망하고 있다."
파이낸셜뉴스,024850,/news/news_read.nhn?article_id=0004077029&office_id=014&mode=search&query=피에스엠씨&page=1,2018-08-17 15:32,"[fnRASSI]삼아알미늄,피에스엠씨 등 11종목 52주 신고가 경신","17일 삼아알미늄(006110), 피에스엠씨(024850), 효성화학(298000), 휠라코리아(081660), 대유(290380), 하이골드12호(172580)등이 장중 52주 신고가를 경신했다. 특히 삼아알미늄은 전 거래일 대비 18.5% 오른 5,380원에 거래를 마감하며 높은 관심을 받았다. 이외에 아세아제지는 41000원까지 올라 신고가를 경신했으나, 전일보다 오히려 하락한 38,800원에 거래를 마감했다. 'fnRASSI'는 증권전문 기업 씽크풀과 파이낸셜뉴스의 협업으로 로봇기자가 실시간으로 생산하는 기사입니다."
파이낸셜뉴스,024850,/news/news_read.nhn?article_id=0004076741&office_id=014&mode=search&query=피에스엠씨&page=1,2018-08-17 09:21,"[특징주] 피에스엠씨, 최대주주 변경 소식에 상한가","피에스엠씨가 최대주주가 바뀌었단 소식에 상한가를 기록했다. 피에스엠씨는 반도체 부품업체다. 피에스엠씨는 17일 오전 9시 18분 현재 가격제한폭(29.60%)까지 오른 1445원에 거래되고 있다. 피에스엠씨는 전날 최대주주가 '유한회사 에프앤티 외 2'에서 '이에스브이'로 변경됐다고 공시했다. 이를 통해 이에스브이가 갖고 있는 주식수는 581만2533주로, 지분율은 15.00%다."
머니투데이,024850,/news/news_read.nhn?article_id=0003632180&office_id=008&mode=search&query=피에스엠씨&page=1,2016-02-18 07:53,"피에스엠씨, 회계처리기준 위반 혐의로 검찰기소","[머니투데이 배소진 기자] 피에스엠씨는 주식회사 외부감사에 관한 법률 위반 혐의로 피에스엠씨와 전·현직 임원인 정동수, 김종완씨가 검찰에 기소됐다고 18일 공시했다. 제35기(2012년) 1분기 분기보고서에 첨부된 재무제표 주석란에 자기주식을 456만7024주로 과다계상하고 현금흐름표에 대손상각비 53억6000만원을 과소계상한 혐의다. 회사측은 ""향후 재판이 진행될 예정이며, 변호인을 선임해 적절히 대응할 것""이라고 밝혔다. 이와 관련 한국거래소는 이날 오전 7시6분부터 정규시장 매매거래 개시시점에서 30분 경과시점까지 피에스엠씨의 주권매매 거래를 정지한다고 밝혔다. textlinktopstart textlinktopend textlinkstart"
아시아경제,024850,/news/news_read.nhn?article_id=0003689322&office_id=277&mode=search&query=피에스엠씨&page=1,2016-02-18 07:35,"피에스엠씨, 외감법 위반 혐의 회사&middot;전현직 임원 검찰 기소","[아시아경제 임철영 기자]피에스엠씨는 외부감사에 관한 법률 위반 혐의로 회사와 전현직 임원 등이 검찰에 기소됐다고 18일 공시했다. 지난 2012년 1분기 분기보고서에 첨부된 재무제표 주석란에 자기주식을 456만7024주로 과다계상하고 현금흐름표에 대손상각비 53억600만원을 과소계상한 혐의다. 회사측은 ""향후 재판이 진행될 예정이며 변호인을 선임하여 적절히 대응할 것""이라고 말했다."
매일경제,024850,/news/news_read.nhn?article_id=0004202680&office_id=009&mode=search&query=피에스엠씨&page=1,2018-08-17 09:11,"[Hot-Line] 이에스브이, 피에스엠씨 지분가치 부각 기대감에 강세","이에스브이가 피에스엠씨 지분가치 부각 기대감에 장 초반 강세다. 17일 오전 9시 2분 현재 이에스브이는 전일 대비 70원(8.05%) 오른 940원에 거래되고 있다. 전날 이에스브이는 피에스엠씨 지분을 늘리며 최대주주로 올라섰다고 공시했다.. 장내 매수를 통해 11.59%(448만9041주)에서 15%(581만2533주)로 지분을 늘리면서 에프앤티 외 특수관계인 2인(지분 14.07%)를 제치고 최대 주주로 등극했다. 회사 관계자는 ""추가 지분 확보는 피에스엠씨의 미래 성장가치가 높다고 판단해 결정한 것""이라고 말했다. 이 소식에 피에스엠씨 역시 220원(19.73%) 오른 1335원에 거래되고 있다. [디지털뉴스국 김경택 기자] r_start // r_end //"
머니투데이,024850,/news/news_read.nhn?article_id=0003562248&office_id=008&mode=search&query=피에스엠씨&page=1,2015-10-19 14:35,"피에스엠씨, 장부 등 열람허용 가처분 피신청 기각",[머니투데이 신아름 기자] 피에스엠씨는 리차드앤컴퍼니가 부산지법동부지원에 피에스엠씨의 장부 등에 대해 열람 허용을 골자로 신청한 가처분이 기각됐다고 19일 공시했다. textlinktopstart textlinktopend textlinkstart
아시아경제,024850,/news/news_read.nhn?article_id=0003606263&office_id=277&mode=search&query=피에스엠씨&page=1,2015-10-19 15:35,"피에스엠씨, 장부 등 열람 허용 가처분 피신청 기각",[아시아경제 김민영 기자]피에스엠씨는 리차드앤컴퍼니가 부산지법동부지원에 피에스엠씨의 장부 등에 대해 열람 허용을 골자로 신청한 가처분이 기각됐다고 19일 공시했다
이데일리,024850,/news/news_read.nhn?article_id=0003439588&office_id=018&mode=search&query=피에스엠씨&page=1,2015-12-30 17:25,"피에스엠씨, 종속회사에 93억 규모 담보제공",[이데일리 경계영 기자] 피에스엠씨(024850)는 종속회사인 PSMP에 93억6337만원 규모의 담보제공을 결정했다고 30일 공시했다. 이는 지난해 말 자기자본 대비 27.0%에 해당하며 제공기간은 내년 12월30일까지다.
이데일리,024850,/news/news_read.nhn?article_id=0003677306&office_id=018&mode=search&query=피에스엠씨&page=1,2016-11-15 18:30,"피에스엠씨, 정동수 대표집행임원 선임",[이데일리 김용갑 기자] 피에스엠씨(024850)는 정동수 사내 이사를 대표집행임원으로 선임했다고 15일 공시했다. 회사 관계자는 “집행임원제도 도입에 따른 결정”이라고 설명했다.
이데일리,024850,/news/news_read.nhn?article_id=0004174154&office_id=018&mode=search&query=피에스엠씨&page=1,2018-08-17 09:12,[특징주]&lsquo;경영권 분쟁&rsquo; 피에스엠씨&middot;이에스브이&hellip;동반 급등,"[이데일리 이명철 기자] 피에스엠씨(024850)가 이에스브이(223310)의 최대주주 등극 소식에 양사가 동반 강세다. 17일 오전 9시 10분 현재 피에스엠씨와 이에스브이 주가는 전일대비 각각 18.39%, 11.49% 오른 오른 1320원, 970원을 기록 중이다. 양사가 경영권을 두고 법적 분쟁까지 겪으면서 시장의 관심을 받아 매수세가 유입되는 것으로 풀이된다. 피에스엠씨는 전날 장 종료 후 이에스브이가 장내매수에 따라 새로운 최대주주로 변경됐다고 공시했다. 변경 후 최대주주 지분율은 15%다. 또 같은날 이에스브이가 주주명부열람 및 등사 등 가처분 신청을 제기했다고도 밝혔다. 앞서 6월에도 이에스브이는 주주총회소집허가를 제기하기도 했다. 이때까지 최대주주 자리를 놓고 양사간 지분 경쟁이 벌어질 것으로 예상하고 있다."
뉴시스,024850,/news/news_read.nhn?article_id=0007590405&office_id=003&mode=search&query=피에스엠씨&page=1,2016-11-15 14:43,"피에스엠씨, 결산기 '12월 말&rarr;3월 말' 변경","【서울=뉴시스】최예린 기자 = 전자부품 제조업체 피에스엠씨(024850)는 현재의 12월 말 결산기를 제40기부터 3월 말 결산기로 변경한다고 15일 공시했다. 이에 따라 피에스엠씨의 제40기 사업년도 회계기간은 내년 1월1일부터 3월31일까지이며, 제41기 사업년도 회계기간은 내년 4월1일부터 2018년 3월31일까지다."
연합뉴스,024850,/news/news_read.nhn?article_id=0010275126&office_id=001&mode=search&query=피에스엠씨&page=1,2018-08-17 09:16,"[특징주] 피에스엠씨, 최대주주 변경 소식에 상한가",(서울=연합뉴스) 임은진 기자 = 반도체 부품업체 피에스엠씨가 최대주주 변경 소식에 17일 장 초반 상한가를 기록했다. 피에스엠씨는 이날 오전 9시 11분 현재 코스닥시장에서 전 거래일 대비 가격 제한폭(29.60%)까지 오른 1천445원에 거래 중이다. 피에스엠씨는 최대주주가 '유한회사 에프앤티 외 2'에서 '이에스브이'로 변경됐다고 전날 공시했다. 이에스브이가 보유한 주식 수는 581만2천533주로 지분율은 15.00%다.
파이낸셜뉴스,024850,/news/news_read.nhn?article_id=0003776880&office_id=014&mode=search&query=피에스엠씨&page=1,2017-02-15 10:09,[fnRASSI]피에스엠씨(024850) 전일대비 5.44% 상승,"피에스엠씨(024850)는 현재 주가가 전일 대비 5.44% 상승한 698원 선에서 거래가 이루어지고 있다. 주주들의 손바뀜 16.9%이 너무 잦아 최근 한달간 피에스엠씨의 매매회전율을 분석한 결과 5일에 1번 꼴로 주식의 주인이 바뀐 것으로 나타났다. 이는 비정상적으로 높은 회전율을 보인 것으로 투자에 각별한 주의가 요망된다. 동종목의 경우 동기간 일평균 주가변동률은 2.41%를 기록했다. 외국인, 기관 모두 보유량 감소 (5일 누적) 최근 5일간 동종목의 외국인 투자자는 40,723주 매도하였고 마찬가지로 기관은 0주 매도하였다. 전날 외국인은 13,993주 매도했지만 기관은 순매수량이 0으로 보유비율 그대로 유지했다. 다음 표는 동종목의 외국인, 기관의 일별 순매수량을 나타낸 것이다. 'fnRASSI'는 증권전문 기업 씽크풀과 파이낸셜뉴스의 협업으로 로봇기자가 실시간으로 생산하는 기사입니다."
머니S,024850,/news/news_read.nhn?article_id=0000335933&office_id=417&mode=search&query=피에스엠씨&page=1,2018-08-17 11:47,"이에스브이, 피에스엠씨 최대주주로&hellip; 경영권 확보 &lsquo;우위&rsquo;","이에스브이가 피에스엠씨의 지분을 늘리며 최대주주로 올라섰다. 이에 따라 피에스엠씨를 대상으로 인수·합병(M&A)을 시도 중인 이에스브이가 경영권 확보에 우위를 점하는 분위기다. 피에스엠씨는 16일 공시를 통해 이에스브이가 장내 거래를 통해 12%에서 15%로 지분을 늘렸다고 밝혔다. 이로 인해 이에스브이는 에프앤티 외 특수관계인 2인(지분 14.07%)를 제치고 단일 최대주주에서 최대 주주로 등극했다. 업계에서는 다음달 21일 이에스브이가 요청한 피에스엠씨 임시주주총회 전까지 최대주주 자리를 놓고 지분 경쟁이 벌어질 것으로 전망한다. 앞서 피에스엠씨는 이에스브이의 요청에 따라 9월 21일 임시주주총회를 개최한다고 지난 9일 공시한 바 있다. 이에스브이는 이번 임시주총에서 향후 원활한 경영 참여를 위해 ▲진종필, 최현준, 정재근 등 3인에 대한 사내이사 선임 ▲김성태, 여현동 등 2인에 대한 사외이사 선임 ▲정관변경의 안 등을 다룰 예정이다. 이에스브이 관계자는 “이번 피에스엠씨에 대한 추가 지분 확보는 미래 성장가치가 높다고 판단해 결정하게 됐다”며 “이에스브이가 보유한 우수한 IT기술과 폭 넓은 네트워크를 활용한다면 우량기업으로 빠르게 성장할 것”이라고 말했다. 한편 피에스엠씨는 풍부한 반도체 부품 산업경험과 자체 리드프레임 디자인 능력, 자체금형설계 및 제작 능력을 보유하고 있다."
이데일리,024850,/news/news_read.nhn?article_id=0003479211&office_id=018&mode=search&query=피에스엠씨&page=1,2016-02-18 07:44,"피에스엠씨, 회계처리 기준 위반 혐의로 검찰기소",[이데일리 박형수 기자] 한국거래소 코스닥시장본부는 18일 피에스엠씨(024850)에 대해 회계처리 기준을 위반했다며 오전 9시30분까지 주권 매매거래를 정지한다고 밝혔다. 이날 피에스엠씨는 서울동부지방검찰청이 지난 2012년 1분기 보고서에 자기주식을 456만7024주로 과다계상하고 대손상각비 53억6000만원을 과소계상한 혐의로 법인과 담당 임원을 재판에 넘겼다고 공시했다.
서울경제,024850,/news/news_read.nhn?article_id=0003373644&office_id=011&mode=search&query=피에스엠씨&page=1,2018-08-17 14:49,"&lt;코&gt;피에스엠씨, 전일 대비 9.87% 상승.. 일일회전율은 73.95% 기록","[서울경제] 피에스엠씨(024850) 는 17일 오후 2시 48분 현재 9.87% 오른 1,225원에 거래되고 있으며, 57(매도):43(매수)의 매도우위를 기록하고 있다. 거래대금은 392억9,636만, 거래량은 2,863만9,504주로 거래량회전율은 73.95%로 나타났다. 지난 1개월간 피에스엠씨는 상한가 1회, 상승 17회, 하락 10회를 기록했고, 주가수익률은 56.65% 표준편차는 6.32%를 기록했다. 이 기간 ' 반도체업 ' 업종 평균 주가수익률은 -3.39%로 나타났으며, 변동성은 1.60%를 기록했다. 이 시각 현재 ' 반도체업 '은 0.29% 상승 중이며, 47(매도):53(매수)의 매수우위를 기록하고 있다."
이데일리,024850,/news/news_read.nhn?article_id=0004132558&office_id=018&mode=search&query=피에스엠씨&page=1,2018-06-22 18:33,피에스엠씨 &ldquo;이에스브이의 장부 열람허용 가처분 기각&rdquo;,"[이데일리 이광수 기자] 피에스엠씨(024850)는 이에스브이(223310)가 수원지방법원에 신청한 장부 등 열람허용 가처분이 기각 됐다고 22일 공시했다. 법원은 “채권자는 이 사건 열람·등사를 구하면서 채무자의 주주로서 채무자의 현임원의 경영상황을 조사, 감독할 필요가 있다는 이유를 들고 있다”며 “채무자가 어떤 부정한 업무집행 등으로 인해 회사의 경영상태가 악화되었다는 식의 구체적인 내용이 아니라, 단지 추상적으로 회사의 경영실태를 조사할 필요가 있다는 것에 불과하다”고 밝혔다."
